startday,num_trips,month,tripdate,season,IsHoliday,humidity,temperatureMax,temperatureMin,windspeed,CLEAR_DAY,FOG,PARTLY_CLOUDY_DAY,PARTLY_CLOUDY_NIGHT,RAIN,SNOW,WIND
2013-08-05,64,8,5,1,0,0.71,73.41,62.73,7.32,1,0,0,0,0,0,0
2013-08-06,169,8,6,1,0,0.78,81.36,67.74,7.29,1,0,0,0,0,0,0
2013-08-07,117,8,7,1,0,0.77,83.63,69.75,2.13,1,0,0,0,0,0,0
2013-08-08,193,8,8,1,0,0.64,73.02,67.75,10.33,1,0,0,0,0,0,0
2013-08-09,238,8,9,1,0,0.63,78.74,64.03,1.06,1,0,0,0,0,0,0
2013-08-10,375,8,10,1,0,0.64,75.52,67.5,5.71,1,0,0,0,0,0,0
2013-08-11,212,8,11,1,0,0.66,76.4,64.6,1.23,1,0,0,0,0,0,0
2013-08-12,161,8,12,1,0,0.73,81.81,69.45,4.06,0,0,0,0,1,0,0
2013-08-13,181,8,13,1,0,0.64,69.5,62.76,12.31,0,0,0,0,0,0,1
2013-08-14,222,8,14,1,0,0.63,67.08,60.59,5.91,1,0,0,0,0,0,0
2013-08-15,178,8,15,1,0,0.64,72.42,58.12,3.79,1,0,0,0,0,0,0
2013-08-16,249,8,16,1,0,0.61,76.07,62.0,1.99,1,0,0,0,0,0,0
2013-08-17,491,8,17,1,0,0.64,75.44,63.27,5.39,1,0,0,0,0,0,0
2013-08-18,405,8,18,1,0,0.66,75.94,64.67,4.96,1,0,0,0,0,0,0
2013-08-19,284,8,19,1,0,0.64,78.64,64.74,1.96,1,0,0,0,0,0,0
2013-08-20,222,8,20,1,0,0.63,85.16,69.03,6.29,1,0,0,0,0,0,0
2013-08-21,207,8,21,1,0,0.62,88.55,70.37,7.69,1,0,0,0,0,0,0
2013-08-22,90,8,22,1,0,0.84,77.96,68.42,2.74,0,0,0,0,1,0,0
2013-08-23,279,8,23,1,0,0.66,76.26,64.83,7.23,1,0,0,0,0,0,0
2013-08-24,488,8,24,1,0,0.62,79.47,64.76,6.42,1,0,0,0,0,0,0
2013-08-25,138,8,25,1,0,0.57,87.83,68.8,8.07,1,0,0,0,0,0,0
2013-08-26,216,8,26,1,0,0.65,89.31,71.64,7.86,1,0,0,0,0,0,0
2013-08-27,121,8,27,1,0,0.63,92.48,77.78,9.91,1,0,0,0,0,0,0
2013-08-28,161,8,28,1,0,0.75,84.14,70.03,6.4,1,0,0,0,0,0,0
2013-08-29,165,8,29,1,0,0.74,77.75,68.62,2.61,1,0,0,0,0,0,0
2013-08-30,158,8,30,1,0,0.71,93.28,70.96,5.4,0,0,0,0,1,0,0
2013-08-31,221,8,31,1,0,0.83,74.07,70.43,6.07,0,0,0,0,1,0,0
2013-09-01,422,9,1,1,0,0.78,78.28,68.44,1.64,0,0,0,0,1,0,0
2013-09-02,348,9,2,1,1,0.74,72.92,65.73,9.61,1,0,0,0,0,0,0
2013-09-03,178,9,3,1,0,0.66,71.58,60.56,2.69,1,0,0,0,0,0,0
2013-09-04,149,9,4,1,0,0.66,80.54,60.42,3.87,1,0,0,0,0,0,0
2013-09-05,157,9,5,1,0,0.63,71.08,65.08,9.12,1,0,0,0,0,0,0
2013-09-06,256,9,6,1,0,0.6,80.55,62.04,6.45,1,0,0,0,0,0,0
2013-09-07,361,9,7,1,0,0.67,83.97,68.53,5.75,1,0,0,0,0,0,0
2013-09-08,210,9,8,1,0,0.77,75.14,70.69,9.29,1,0,0,0,0,0,0
2013-09-09,117,9,9,1,0,0.68,93.12,68.11,7.74,1,0,0,0,0,0,0
2013-09-10,135,9,10,1,0,0.5,93.38,78.47,10.16,1,0,0,0,0,0,0
2013-09-11,106,9,11,1,0,0.63,83.61,74.03,3.21,1,0,0,0,0,0,0
2013-09-12,145,9,12,1,0,0.67,79.36,64.41,7.05,0,0,0,0,0,0,1
2013-09-13,117,9,13,1,0,0.6,64.35,54.57,14.17,0,0,0,0,0,0,1
2013-09-14,344,9,14,1,0,0.59,69.6,51.67,4.37,1,0,0,0,0,0,0
2013-09-15,19,9,15,1,0,0.75,61.54,57.88,2.12,0,0,0,0,1,0,0
2013-09-16,116,9,16,1,0,0.71,61.12,56.55,12.42,0,0,0,0,0,0,1
2013-09-17,100,9,17,1,0,0.67,67.41,53.29,9.17,1,0,0,0,0,0,0
2013-09-18,84,9,18,1,0,0.7,78.97,61.58,7.96,0,0,0,0,1,0,0
2013-09-19,67,9,19,1,0,0.8,77.53,68.46,9.64,0,0,0,0,1,0,0
2013-09-20,183,9,20,1,0,0.74,76.42,61.25,9.22,1,0,0,0,0,0,0
2013-09-21,381,9,21,1,0,0.67,63.99,55.88,9.9,1,0,0,0,0,0,0
2013-09-22,367,9,22,1,0,0.68,62.45,53.79,5.53,1,0,0,0,0,0,0
2013-09-23,107,9,23,2,0,0.67,64.71,52.06,8.2,1,0,0,0,0,0,0
2013-09-24,104,9,24,2,0,0.67,66.14,52.38,7.49,1,0,0,0,0,0,0
2013-09-25,99,9,25,2,0,0.72,65.95,57.52,7.47,1,0,0,0,0,0,0
2013-09-26,131,9,26,2,0,0.7,69.41,57.77,5.93,1,0,0,0,0,0,0
2013-09-27,255,9,27,2,0,0.58,73.96,58.2,6.41,1,0,0,0,0,0,0
2013-09-28,285,9,28,2,0,0.57,82.11,58.19,11.32,0,0,0,0,1,0,0
2013-09-29,320,9,29,2,0,0.72,73.48,56.4,5.59,1,0,0,0,0,0,0
2013-09-30,192,9,30,2,0,0.68,69.07,53.0,3.02,1,0,0,0,0,0,0
2013-10-01,146,10,1,2,0,0.76,77.37,62.37,10.83,0,0,0,0,0,0,1
2013-10-02,108,10,2,2,0,0.64,71.2,63.53,2.87,1,0,0,0,0,0,0
2013-10-03,33,10,3,2,0,0.86,75.96,63.51,7.36,0,0,0,0,1,0,0
2013-10-04,180,10,4,2,0,0.85,72.28,65.97,2.04,1,0,0,0,0,0,0
2013-10-05,252,10,5,2,0,0.87,78.25,65.85,6.89,0,0,0,0,1,0,0
2013-10-06,244,10,6,2,0,0.71,67.94,48.05,8.26,0,0,0,0,1,0,0
2013-10-07,123,10,7,2,0,0.69,66.02,46.42,6.52,1,0,0,0,0,0,0
2013-10-08,118,10,8,2,0,0.65,69.16,49.23,5.41,1,0,0,0,0,0,0
2013-10-09,131,10,9,2,0,0.65,65.65,52.31,4.05,1,0,0,0,0,0,0
2013-10-10,200,10,10,2,0,0.7,67.58,51.41,4.38,1,0,0,0,0,0,0
2013-10-11,308,10,11,2,0,0.62,69.23,56.04,6.2,1,0,0,0,0,0,0
2013-10-12,354,10,12,2,0,0.71,71.91,57.7,6.76,1,0,0,0,0,0,0
2013-10-13,244,10,13,2,0,0.64,60.58,49.5,5.67,1,0,0,0,0,0,0
2013-10-14,64,10,14,2,1,0.69,59.37,51.13,8.26,1,0,0,0,0,0,0
2013-10-15,33,10,15,2,0,0.78,63.31,53.5,9.07,1,0,0,0,0,0,0
2013-10-16,61,10,16,2,0,0.76,53.65,47.88,9.91,1,0,0,0,0,0,0
2013-10-17,21,10,17,2,0,0.84,51.99,46.59,7.44,1,0,0,0,0,0,0
2013-10-18,77,10,18,2,0,0.78,49.41,43.57,7.79,1,0,0,0,0,0,0
2013-10-19,179,10,19,2,0,0.67,52.71,43.77,8.77,1,0,0,0,0,0,0
2013-10-20,196,10,20,2,0,0.68,62.7,41.33,7.16,1,0,0,0,0,0,0
2013-10-21,77,10,21,2,0,0.63,56.34,38.08,9.74,1,0,0,0,0,0,0
2013-10-22,23,10,22,2,0,0.76,41.56,33.0,6.37,1,0,0,0,0,0,0
2013-10-23,16,10,23,2,0,0.68,44.12,34.93,9.55,1,0,0,0,0,0,0
2013-10-24,35,10,24,2,0,0.59,42.03,37.06,9.96,1,0,0,0,0,0,0
2013-10-25,61,10,25,2,0,0.57,49.99,32.47,9.3,0,0,0,0,0,0,1
2013-10-26,145,10,26,2,0,0.51,52.64,43.03,10.18,0,0,0,0,0,0,1
2013-10-27,150,10,27,2,0,0.61,53.76,35.14,7.32,1,0,0,0,0,0,0
2013-10-28,36,10,28,2,0,0.73,51.78,40.81,7.98,1,0,0,0,0,0,0
2013-10-29,43,10,29,2,0,0.71,53.37,43.06,7.22,1,0,0,0,0,0,0
2013-10-30,17,10,30,2,0,0.89,57.69,47.49,5.13,0,0,0,0,1,0,0
2013-10-31,11,10,31,2,0,0.92,63.75,49.51,9.13,0,0,0,0,1,0,0
2013-11-01,52,11,1,2,0,0.8,48.73,44.76,12.48,1,0,0,0,0,0,0
2013-11-02,93,11,2,2,0,0.84,46.62,40.75,7.22,1,0,0,0,0,0,0
2013-11-03,113,11,3,2,0,0.75,50.24,37.4,4.5,0,0,0,0,0,0,1
2013-11-04,34,11,4,2,0,0.64,55.7,44.02,14.29,1,0,0,0,0,0,0
2013-11-05,12,11,5,2,0,0.77,54.56,51.38,10.19,0,0,0,0,1,0,0
2013-11-06,6,11,6,2,0,0.85,56.14,38.99,9.88,0,0,0,0,1,0,0
2013-11-07,17,11,7,2,0,0.71,43.72,33.55,9.2,1,0,0,0,0,0,0
2013-11-08,36,11,8,2,0,0.68,47.31,32.0,6.45,0,0,0,0,0,0,1
2013-11-09,202,11,9,2,0,0.57,57.09,45.11,14.76,1,0,0,0,0,0,0
2013-11-10,99,11,10,2,0,0.59,48.16,36.44,8.38,1,0,0,0,0,0,0
2013-11-11,5,11,11,2,1,0.7,47.14,28.55,7.86,0,0,0,0,0,0,1
2013-11-12,3,11,12,2,0,0.64,33.15,25.74,11.02,1,0,0,0,0,0,0
2013-11-13,6,11,13,2,0,0.6,38.92,21.86,12.51,1,0,0,0,0,0,0
2013-11-14,14,11,14,2,0,0.5,49.12,32.39,14.38,1,0,0,0,0,0,0
2013-11-15,32,11,15,2,0,0.61,48.39,39.42,10.87,1,0,0,0,0,0,0
2013-11-16,25,11,16,2,0,0.86,60.22,43.92,16.11,0,0,0,0,1,0,0
2013-11-17,7,11,17,2,0,0.82,66.94,43.21,16.23,0,0,0,0,1,0,0
2013-11-18,12,11,18,2,0,0.67,42.89,33.13,15.34,0,0,0,0,0,0,1
2013-11-19,6,11,19,2,0,0.73,39.12,28.68,0.8,1,0,0,0,0,0,0
2013-11-20,8,11,20,2,0,0.7,42.85,33.26,11.39,0,0,0,0,1,0,0
2013-11-21,14,11,21,2,0,0.84,50.04,41.49,4.39,1,0,0,0,0,0,0
2013-11-22,19,11,22,2,0,0.8,43.19,30.54,10.86,1,0,0,0,0,0,0
2013-11-23,10,11,23,2,0,0.57,29.53,17.5,13.53,1,0,0,0,0,0,0
2013-11-24,3,11,24,2,0,0.52,26.3,14.52,6.68,1,0,0,0,0,0,0
2013-11-25,6,11,25,2,0,0.67,31.47,22.44,12.49,1,0,0,0,0,0,0
2013-11-26,14,11,26,2,0,0.7,34.97,20.74,7.59,1,0,0,0,0,0,0
2013-11-27,2,11,27,2,0,0.59,28.3,15.32,11.44,1,0,0,0,0,0,0
2013-11-28,5,11,28,2,1,0.56,33.28,24.37,6.79,1,0,0,0,0,0,0
2013-11-29,24,11,29,2,0,0.65,33.76,21.97,2.29,1,0,0,0,0,0,0
2013-11-30,110,11,30,2,0,0.61,49.57,31.65,10.74,1,0,0,0,0,0,0
2013-12-01,2,12,1,2,0,0.81,40.03,33.7,4.84,1,0,0,0,0,0,0
2013-12-02,13,12,2,2,0,0.76,39.7,34.02,6.01,1,0,0,0,0,0,0
2013-12-03,14,12,3,2,0,0.92,49.05,36.62,7.78,0,1,0,0,0,0,0
2013-12-04,12,12,4,2,0,0.91,56.43,43.74,7.73,0,0,0,0,0,0,1
2013-12-05,6,12,5,2,0,0.69,42.07,23.16,13.29,1,0,0,0,0,0,0
2013-12-06,4,12,6,2,0,0.63,22.34,15.28,8.71,1,0,0,0,0,0,0
2013-12-07,6,12,7,2,0,0.62,19.5,10.23,5.74,1,0,0,0,0,0,0
2013-12-08,2,12,8,2,0,0.76,25.62,17.12,6.97,0,0,0,0,0,1,0
2013-12-10,4,12,10,2,0,0.66,22.09,2.03,12.66,1,0,0,0,0,0,0
2013-12-13,5,12,13,2,0,0.73,30.56,17.41,3.92,0,0,0,0,0,1,0
2013-12-15,1,12,15,2,0,0.72,24.18,12.14,11.65,1,0,0,0,0,0,0
2013-12-17,1,12,17,2,0,0.78,32.82,17.36,11.44,1,0,0,0,0,0,0
2013-12-18,3,12,18,2,0,0.65,34.9,17.76,10.31,1,0,0,0,0,0,0
2013-12-19,1,12,19,2,0,0.83,39.36,34.54,2.0,0,1,0,0,0,0,0
2013-12-20,1,12,20,2,0,0.95,36.52,33.42,7.0,0,1,0,0,0,0,0
2013-12-21,2,12,21,2,0,0.94,34.45,31.35,7.22,0,0,0,0,0,1,0
2013-12-22,10,12,22,2,0,0.89,33.52,25.93,7.29,0,1,0,0,0,0,0
2013-12-23,3,12,23,3,0,0.76,25.77,1.32,12.42,1,0,0,0,0,0,0
2013-12-26,4,12,26,3,0,0.74,34.46,16.14,8.59,1,0,0,0,0,0,0
2013-12-27,20,12,27,3,0,0.75,42.15,28.06,9.24,1,0,0,0,0,0,0
2013-12-28,51,12,28,3,0,0.68,49.45,35.52,11.75,1,0,0,0,0,0,0
2013-12-29,5,12,29,3,0,0.76,39.12,15.61,7.53,1,0,0,0,0,0,0
2013-12-30,3,12,30,3,0,0.67,14.05,4.72,6.57,1,0,0,0,0,0,0
2013-12-31,2,12,31,3,0,0.77,14.54,4.67,7.31,0,0,0,0,0,1,0
2014-01-04,3,1,4,3,0,0.75,31.76,20.39,14.13,0,0,0,0,0,1,0
2014-01-09,1,1,9,3,0,0.81,27.29,5.05,5.88,0,1,0,0,0,0,0
2014-01-11,4,1,11,3,0,0.86,41.36,32.03,10.89,1,0,0,0,0,0,0
2014-01-12,9,1,12,3,0,0.75,43.96,28.93,13.43,0,0,0,0,0,0,1
2014-01-13,5,1,13,3,0,0.72,45.6,30.26,10.28,1,0,0,0,0,0,0
2014-01-15,4,1,15,3,0,0.69,22.48,17.31,9.01,0,0,0,0,0,0,1
2014-01-16,4,1,16,3,0,0.74,34.02,19.11,14.34,0,0,0,0,0,0,1
2014-01-17,1,1,17,3,0,0.69,20.86,13.68,11.09,1,0,0,0,0,0,0
2014-01-18,2,1,18,3,0,0.81,20.36,11.55,5.14,0,0,0,0,0,1,0
2014-01-19,4,1,19,3,0,0.76,38.54,13.06,12.72,1,0,0,0,0,0,0
2014-01-20,2,1,20,3,1,0.77,36.78,20.48,9.74,0,0,0,0,0,0,1
2014-01-25,4,1,25,3,0,0.58,31.6,8.44,14.72,0,0,0,0,0,0,1
2014-01-27,1,1,27,3,0,0.59,7.56,-5.4,16.06,1,0,0,0,0,0,0
2014-01-29,1,1,29,3,0,0.56,22.32,2.28,11.1,0,0,0,0,0,0,1
2014-01-30,1,1,30,3,0,0.65,32.78,20.71,18.17,0,0,0,0,0,0,1
2014-01-31,1,1,31,3,0,0.71,29.84,19.69,3.02,1,0,0,0,0,0,0
2014-02-02,1,2,2,3,0,0.69,24.01,11.31,6.68,1,0,0,0,0,0,0
2014-02-03,2,2,3,3,0,0.66,22.24,5.4,3.39,0,0,0,0,0,1,0
2014-02-04,1,2,4,3,0,0.73,23.88,12.23,5.58,0,0,0,0,0,0,1
2014-02-08,2,2,8,3,0,0.76,16.24,7.38,5.15,0,1,0,0,0,0,0
2014-02-10,1,2,10,3,0,0.62,13.27,-0.29,7.68,1,0,0,0,0,0,0
2014-02-11,1,2,11,3,0,0.65,14.66,-0.42,4.18,1,0,0,0,0,0,0
2014-02-12,1,2,12,3,1,0.67,23.32,2.98,6.28,1,0,0,0,0,0,0
2014-02-13,2,2,13,3,0,0.64,30.87,15.48,8.55,0,0,0,0,0,0,1
2014-02-14,5,2,14,3,0,0.69,21.98,13.93,9.36,1,0,0,0,0,0,0
2014-02-15,1,2,15,3,0,0.69,23.97,9.09,4.74,0,0,0,0,0,1,0
2014-02-16,2,2,16,3,0,0.73,24.92,17.38,5.28,1,0,0,0,0,0,0
2014-02-17,1,2,17,3,1,0.8,28.33,22.18,8.85,0,0,0,0,0,1,0
2014-02-19,3,2,19,3,0,0.7,44.64,33.78,6.59,1,0,0,0,0,0,0
2014-02-20,1,2,20,3,0,0.88,48.05,34.03,5.35,0,0,0,0,1,0,0
2014-02-22,9,2,22,3,0,0.52,34.41,23.82,11.55,1,0,0,0,0,0,0
2014-02-23,7,2,23,3,0,0.54,27.93,17.65,10.79,1,0,0,0,0,0,0
2014-02-24,4,2,24,3,0,0.58,24.5,13.66,12.23,1,0,0,0,0,0,0
2014-02-25,1,2,25,3,0,0.59,22.02,8.65,11.65,1,0,0,0,0,0,0
2014-02-27,3,2,27,3,0,0.45,18.74,5.43,10.82,0,0,0,0,0,0,1
2014-02-28,5,2,28,3,0,0.56,30.64,6.19,10.5,1,0,0,0,0,0,0
2014-03-01,5,3,1,3,0,0.74,31.11,12.59,9.84,0,0,0,0,0,1,0
2014-03-03,3,3,3,3,1,0.6,15.13,4.36,3.57,1,0,0,0,0,0,0
2014-03-04,3,3,4,3,0,0.58,27.06,12.86,3.2,1,0,0,0,0,0,0
2014-03-05,1,3,5,3,0,0.74,22.07,19.19,11.63,0,1,0,0,0,0,0
2014-03-06,5,3,6,3,0,0.64,26.41,14.98,5.76,1,0,0,0,0,0,0
2014-03-07,32,3,7,3,0,0.66,45.62,20.78,6.97,1,0,0,0,0,0,0
2014-03-09,10,3,9,3,0,0.74,40.84,21.96,10.53,1,0,0,0,0,0,0
2014-03-10,35,3,10,3,0,0.64,53.27,40.88,13.3,1,0,0,0,0,0,0
2014-03-11,22,3,11,3,0,0.77,46.37,34.72,5.67,0,0,0,0,0,1,0
2014-03-12,2,3,12,3,0,0.75,33.13,19.45,19.68,0,0,0,0,0,0,1
2014-03-13,3,3,13,3,0,0.76,37.78,16.08,9.06,1,0,0,0,0,0,0
2014-03-14,82,3,14,3,0,0.63,52.39,38.8,13.64,0,0,0,0,0,0,1
2014-03-15,41,3,15,3,0,0.7,39.18,28.04,6.53,0,0,0,0,0,0,1
2014-03-16,4,3,16,3,0,0.61,28.87,18.87,20.94,0,0,0,0,0,0,1
2014-03-17,19,3,17,3,0,0.57,34.7,19.44,8.36,1,0,0,0,0,0,0
2014-03-18,32,3,18,3,0,0.68,44.63,30.27,8.92,1,0,0,0,0,0,0
2014-03-19,13,3,19,3,0,0.83,44.86,35.32,8.21,0,0,0,0,1,0,0
2014-03-20,21,3,20,3,0,0.69,41.99,31.87,3.91,1,0,0,0,0,0,0
2014-03-21,41,3,21,0,0,0.7,56.04,32.72,4.46,1,0,0,0,0,0,0
2014-03-22,55,3,22,0,0,0.65,44.36,30.0,9.39,1,0,0,0,0,0,0
2014-03-23,8,3,23,0,0,0.59,29.08,22.25,8.55,1,0,0,0,0,0,0
2014-03-24,17,3,24,0,0,0.55,32.86,21.05,2.11,1,0,0,0,0,0,0
2014-03-25,5,3,25,0,0,0.55,30.32,23.87,10.94,1,0,0,0,0,0,0
2014-03-26,10,3,26,0,0,0.47,38.15,19.34,6.95,0,0,0,0,0,0,1
2014-03-27,12,3,27,0,0,0.73,52.13,34.89,18.48,0,0,0,0,0,0,1
2014-03-28,64,3,28,0,0,0.81,53.91,33.94,2.27,1,0,0,0,0,0,0
2014-03-29,73,3,29,0,0,0.75,36.06,32.29,11.46,1,0,0,0,0,0,0
2014-03-30,150,3,30,0,0,0.59,53.4,28.93,2.87,1,0,0,0,0,0,0
2014-03-31,62,3,31,0,0,0.44,64.0,44.14,15.25,0,0,0,0,0,0,1
2014-04-01,29,4,1,0,0,0.54,56.56,34.26,15.19,0,0,0,0,0,0,1
2014-04-02,15,4,2,0,0,0.68,44.13,34.48,9.73,1,0,0,0,0,0,0
2014-04-03,5,4,3,0,0,0.9,39.98,35.38,12.9,0,0,0,0,1,0,0
2014-04-04,8,4,4,0,0,0.81,45.35,37.25,9.45,0,0,0,0,0,0,1
2014-04-05,107,4,5,0,0,0.54,42.21,34.24,0.89,1,0,0,0,0,0,0
2014-04-06,139,4,6,0,0,0.51,49.54,36.71,5.89,1,0,0,0,0,0,0
2014-04-07,35,4,7,0,0,0.62,46.57,37.03,6.08,1,0,0,0,0,0,0
2014-04-08,51,4,8,0,0,0.69,48.3,42.28,2.73,1,0,0,0,0,0,0
2014-04-09,94,4,9,0,0,0.55,60.55,37.78,3.75,0,0,0,0,0,0,1
2014-04-10,72,4,10,0,0,0.48,62.97,46.13,9.86,0,0,0,0,0,0,1
2014-04-11,278,4,11,0,0,0.41,67.28,42.34,2.34,1,0,0,0,0,0,0
2014-04-12,375,4,12,0,0,0.46,76.73,47.26,12.84,0,0,0,0,0,0,1
2014-04-13,79,4,13,0,0,0.78,68.46,44.53,5.55,0,0,0,0,1,0,0
2014-04-14,5,4,14,0,0,0.85,64.39,31.63,8.72,0,0,0,0,1,0,0
2014-04-15,8,4,15,0,0,0.62,33.54,27.3,5.47,1,0,0,0,0,0,0
2014-04-16,39,4,16,0,0,0.51,49.37,31.01,14.04,0,0,0,0,0,0,1
2014-04-17,157,4,17,0,0,0.49,59.9,41.89,9.07,0,0,0,0,0,0,1
2014-04-18,85,4,18,0,0,0.7,46.93,37.5,8.98,1,0,0,0,0,0,0
2014-04-19,346,4,19,0,0,0.6,54.7,37.94,6.85,1,0,0,0,0,0,0
2014-04-20,432,4,20,0,0,0.38,70.19,45.8,7.59,1,0,0,0,0,0,0
2014-04-21,135,4,21,0,0,0.59,74.22,59.94,7.5,0,0,0,0,1,0,0
2014-04-22,115,4,22,0,0,0.63,59.83,40.48,9.21,0,0,0,0,0,0,1
2014-04-23,44,4,23,0,0,0.6,44.04,36.17,10.53,1,0,0,0,0,0,0
2014-04-24,43,4,24,0,0,0.51,58.18,40.16,9.4,1,0,0,0,0,0,0
2014-04-25,328,4,25,0,0,0.56,67.79,45.91,7.43,1,0,0,0,0,0,0
2014-04-26,199,4,26,0,0,0.63,60.99,38.66,11.82,1,0,0,0,0,0,0
2014-04-27,20,4,27,0,0,0.61,53.88,41.0,15.03,0,0,0,0,0,0,1
2014-04-28,20,4,28,0,0,0.75,52.6,45.85,13.95,0,0,0,0,1,0,0
2014-04-29,45,4,29,0,0,0.8,61.07,48.36,3.15,0,0,0,0,1,0,0
2014-04-30,48,4,30,0,0,0.79,52.18,45.73,8.52,0,0,0,1,0,0,0
2014-05-01,15,5,1,0,0,0.82,48.56,43.54,11.35,1,0,0,0,0,0,0
2014-05-02,51,5,2,0,0,0.78,52.2,46.72,9.47,0,0,0,0,0,0,1
2014-05-03,386,5,3,0,0,0.54,65.17,48.35,11.09,0,0,0,0,0,0,1
2014-05-04,145,5,4,0,0,0.47,59.93,45.88,4.38,0,0,1,0,0,0,0
2014-05-05,65,5,5,0,0,0.62,49.88,42.88,12.89,0,0,0,0,0,0,1
2014-05-06,75,5,6,0,0,0.58,55.61,43.96,11.51,0,0,0,1,0,0,0
2014-05-07,107,5,7,0,0,0.55,67.9,49.87,5.95,0,0,1,0,0,0,0
2014-05-08,262,5,8,0,0,0.53,87.46,56.78,13.36,0,0,0,0,1,0,0
2014-05-09,156,5,9,0,0,0.71,74.29,58.69,12.0,0,0,0,0,1,0,0
2014-05-10,532,5,10,0,0,0.52,71.58,53.11,2.34,1,0,0,0,0,0,0
2014-05-11,318,5,11,0,0,0.59,81.92,57.69,6.86,0,0,0,0,1,0,0
2014-05-12,172,5,12,0,0,0.77,82.18,61.11,11.04,0,0,0,0,1,0,0
2014-05-13,17,5,13,0,0,0.84,67.77,54.7,7.91,0,0,1,0,0,0,0
2014-05-14,56,5,14,0,0,0.68,54.24,45.31,10.32,0,0,0,0,1,0,0
2014-05-15,45,5,15,0,0,0.78,49.0,41.2,12.44,0,0,0,0,0,0,1
2014-05-16,24,5,16,0,0,0.8,43.45,38.96,7.53,1,0,0,0,0,0,0
2014-05-17,293,5,17,0,0,0.6,57.56,41.96,4.9,0,0,1,0,0,0,0
2014-05-18,195,5,18,0,0,0.49,67.28,48.48,8.67,0,0,1,0,0,0,0
2014-05-19,212,5,19,0,0,0.48,67.61,52.26,10.69,0,0,0,1,0,0,0
2014-05-20,271,5,20,0,0,0.61,83.28,60.35,10.01,0,0,0,0,1,0,0
2014-05-21,211,5,21,0,0,0.67,75.35,59.47,0.98,0,0,0,1,0,0,0
2014-05-22,142,5,22,0,0,0.67,64.04,54.16,5.53,1,0,0,0,0,0,0
2014-05-23,286,5,23,0,0,0.69,58.21,51.21,5.33,1,0,0,0,0,0,0
2014-05-24,486,5,24,0,0,0.64,62.54,50.95,4.35,1,0,0,0,0,0,0
2014-05-25,593,5,25,0,0,0.58,72.91,53.02,2.27,1,0,0,0,0,0,0
2014-05-26,460,5,26,0,1,0.65,79.8,65.41,4.65,0,0,1,0,0,0,0
2014-05-27,134,5,27,0,0,0.77,82.41,58.25,4.77,0,0,0,0,1,0,0
2014-05-28,165,5,28,0,0,0.79,60.36,53.74,8.81,0,0,1,0,0,0,0
2014-05-29,209,5,29,0,0,0.76,63.25,53.39,8.55,0,0,1,0,0,0,0
2014-05-30,273,5,30,0,0,0.67,67.25,54.14,5.89,1,0,0,0,0,0,0
2014-05-31,590,5,31,0,0,0.59,75.38,56.45,3.38,1,0,0,0,0,0,0
2014-06-01,509,6,1,0,0,0.55,85.84,64.89,10.29,0,0,1,0,0,0,0
2014-06-02,217,6,2,0,0,0.68,81.48,71.42,13.0,0,0,0,0,1,0,0
2014-06-03,269,6,3,0,0,0.53,75.58,65.61,4.07,1,0,0,0,0,0,0
2014-06-04,56,6,4,0,0,0.78,66.31,56.0,6.37,1,0,0,0,0,0,0
2014-06-05,243,6,5,0,0,0.62,65.92,54.4,5.42,1,0,0,0,0,0,0
2014-06-06,465,6,6,0,0,0.52,71.01,55.29,2.91,1,0,0,0,0,0,0
2014-06-07,566,6,7,0,0,0.53,75.64,60.71,3.73,0,0,0,0,1,0,0
2014-06-08,314,6,8,0,0,0.71,65.04,53.61,15.52,0,0,0,0,0,0,1
2014-06-09,126,6,9,0,0,0.68,65.07,53.64,7.57,0,0,1,0,0,0,0
2014-06-10,24,6,10,0,0,0.81,60.12,56.21,9.09,0,0,0,0,1,0,0
2014-06-11,48,6,11,0,0,0.9,62.31,57.72,5.11,0,0,0,0,1,0,0
2014-06-12,255,6,12,0,0,0.74,78.18,57.83,6.19,1,0,0,0,0,0,0
2014-06-13,275,6,13,0,0,0.54,65.63,57.24,3.37,1,0,0,0,0,0,0
2014-06-14,541,6,14,0,0,0.49,71.83,57.58,5.5,1,0,0,0,0,0,0
2014-06-15,348,6,15,0,0,0.55,82.48,62.95,13.13,0,0,0,0,0,0,1
2014-06-16,321,6,16,0,0,0.64,79.09,68.77,4.53,1,0,0,0,0,0,0
2014-06-17,236,6,17,0,0,0.64,84.39,73.44,8.98,0,0,0,0,0,0,1
2014-06-18,126,6,18,0,0,0.79,80.1,59.65,2.71,0,0,0,0,1,0,0
2014-06-19,231,6,19,0,0,0.88,70.02,58.37,5.42,0,0,0,0,1,0,0
2014-06-20,284,6,20,0,0,0.82,81.41,62.22,1.69,0,1,0,0,0,0,0
2014-06-21,373,6,21,1,0,0.86,73.09,59.71,1.79,0,0,0,0,1,0,0
2014-06-22,382,6,22,1,0,0.86,66.93,61.95,4.27,0,1,0,0,0,0,0
2014-06-23,188,6,23,1,0,0.85,74.67,63.3,0.99,0,0,1,0,0,0,0
2014-06-24,169,6,24,1,0,0.83,75.67,68.13,0.31,0,0,0,0,1,0,0
2014-06-25,156,6,25,1,0,0.89,67.86,59.39,7.02,0,1,0,0,0,0,0
2014-06-26,32,6,26,1,0,0.87,66.1,58.0,5.56,0,1,0,0,0,0,0
2014-06-27,458,6,27,1,0,0.72,81.21,59.64,4.17,0,1,0,0,0,0,0
2014-06-28,378,6,28,1,0,0.75,82.26,70.67,9.64,0,0,0,0,1,0,0
2014-06-29,463,6,29,1,0,0.76,84.35,70.84,11.64,0,0,0,0,0,0,1
2014-06-30,227,6,30,1,0,0.82,84.47,65.63,9.2,0,0,0,0,1,0,0
2014-07-01,353,7,1,1,0,0.72,79.68,65.14,10.07,0,0,0,0,0,0,1
2014-07-02,179,7,2,1,0,0.76,72.84,56.11,5.75,0,0,1,0,0,0,0
2014-07-03,401,7,3,1,0,0.66,67.94,57.34,2.16,1,0,0,0,0,0,0
2014-07-04,523,7,4,1,1,0.59,70.49,61.15,2.11,1,0,0,0,0,0,0
2014-07-05,535,7,5,1,0,0.6,76.36,61.84,7.8,0,0,1,0,0,0,0
2014-07-06,580,7,6,1,0,0.71,84.45,64.9,10.58,0,0,0,0,1,0,0
2014-07-07,379,7,7,1,0,0.71,80.54,72.13,4.78,0,0,1,0,0,0,0
2014-07-08,240,7,8,1,0,0.64,79.79,68.08,9.33,0,0,0,0,1,0,0
2014-07-09,394,7,9,1,0,0.67,71.44,64.37,3.08,0,0,1,0,0,0,0
2014-07-10,273,7,10,1,0,0.67,71.58,61.09,4.81,0,0,1,0,0,0,0
2014-07-11,178,7,11,1,0,0.59,75.65,62.2,4.34,0,0,1,0,0,0,0
2014-07-12,227,7,12,1,0,0.79,78.44,70.79,8.39,0,0,0,0,1,0,0
2014-07-13,355,7,13,1,0,0.72,84.67,70.1,7.89,0,0,0,1,0,0,0
2014-07-14,310,7,14,1,0,0.65,73.45,65.38,3.19,0,0,0,0,1,0,0
2014-07-15,258,7,15,1,0,0.69,67.3,56.6,9.43,0,0,1,0,0,0,0
2014-07-16,339,7,16,1,0,0.68,67.05,57.73,3.83,0,0,1,0,0,0,0
2014-07-17,309,7,17,1,0,0.63,71.66,59.11,3.29,0,0,1,0,0,0,0
2014-07-18,406,7,18,1,0,0.62,73.73,63.5,5.57,0,0,1,0,0,0,0
2014-07-19,611,7,19,1,0,0.66,74.25,63.33,2.44,0,0,1,0,0,0,0
2014-07-20,390,7,20,1,0,0.68,75.7,65.08,3.09,0,0,1,0,0,0,0
2014-07-21,393,7,21,1,0,0.68,81.08,67.87,6.21,1,0,0,0,0,0,0
2014-07-22,281,7,22,1,0,0.71,87.16,71.47,11.87,0,0,0,0,0,0,1
2014-07-23,248,7,23,1,0,0.69,75.09,62.21,16.99,0,0,0,0,0,0,1
2014-07-24,416,7,24,1,0,0.65,69.08,60.34,7.23,1,0,0,0,0,0,0
2014-07-25,287,7,25,1,0,0.67,73.3,59.91,9.94,0,0,0,0,0,0,1
2014-07-26,364,7,26,1,0,0.74,76.15,68.77,4.24,0,0,0,1,0,0,0
2014-07-27,527,7,27,1,0,0.69,84.11,64.66,9.61,0,0,0,0,0,0,1
2014-07-28,340,7,28,1,0,0.62,65.15,60.57,13.77,0,0,0,0,0,0,1
2014-07-29,318,7,29,1,0,0.66,71.65,60.46,1.85,0,0,1,0,0,0,0
2014-07-30,342,7,30,1,0,0.73,69.87,61.99,2.14,0,0,1,0,0,0,0
2014-07-31,393,7,31,1,0,0.66,81.45,63.15,7.38,1,0,0,0,0,0,0
2014-08-01,329,8,1,1,0,0.7,77.16,67.34,3.48,0,0,1,0,0,0,0
2014-08-02,648,8,2,1,0,0.65,74.42,64.01,1.78,1,0,0,0,0,0,0
2014-08-03,434,8,3,1,0,0.66,80.1,66.55,3.2,0,0,1,0,0,0,0
2014-08-04,297,8,4,1,0,0.74,78.16,68.56,1.73,0,0,0,0,1,0,0
2014-08-05,197,8,5,1,0,0.83,73.66,67.28,2.95,0,0,1,0,0,0,0
2014-08-06,339,8,6,1,0,0.7,72.93,65.36,6.7,1,0,0,0,0,0,0
2014-08-07,435,8,7,1,0,0.68,75.08,64.97,7.28,1,0,0,0,0,0,0
2014-08-08,371,8,8,1,0,0.66,76.16,68.77,9.76,0,0,1,0,0,0,0
2014-08-09,587,8,9,1,0,0.65,74.13,67.84,9.1,1,0,0,0,0,0,0
2014-08-10,519,8,10,1,0,0.7,74.22,69.37,7.19,0,0,0,0,1,0,0
2014-08-11,344,8,11,1,0,0.81,74.63,67.95,4.9,0,0,0,0,1,0,0
2014-08-12,189,8,12,1,0,0.8,69.78,62.1,9.43,0,0,0,0,1,0,0
2014-08-13,348,8,13,1,0,0.7,76.97,60.48,3.94,0,0,1,0,0,0,0
2014-08-14,182,8,14,1,0,0.63,67.21,62.43,8.43,0,0,0,1,0,0,0
2014-08-15,325,8,15,1,0,0.6,75.02,56.46,5.08,1,0,0,0,0,0,0
2014-08-16,460,8,16,1,0,0.74,79.48,64.4,7.59,0,0,1,0,0,0,0
2014-08-17,376,8,17,1,0,0.88,71.59,64.72,7.98,0,0,1,0,0,0,0
2014-08-18,401,8,18,1,0,0.8,78.72,65.37,1.0,0,0,1,0,0,0,0
2014-08-19,185,8,19,1,0,0.76,83.83,72.43,9.46,0,0,0,0,1,0,0
2014-08-20,353,8,20,1,0,0.71,84.7,68.73,7.04,1,0,0,0,0,0,0
2014-08-21,141,8,21,1,0,0.89,76.95,71.21,4.63,0,0,0,0,1,0,0
2014-08-22,337,8,22,1,0,0.84,82.99,72.47,2.61,0,0,0,0,1,0,0
2014-08-23,313,8,23,1,0,0.89,77.3,70.43,2.23,0,0,0,0,1,0,0
2014-08-24,538,8,24,1,0,0.82,80.26,70.78,5.99,0,0,1,0,0,0,0
2014-08-25,220,8,25,1,0,0.83,81.37,73.55,4.91,0,0,0,0,1,0,0
2014-08-26,310,8,26,1,0,0.8,78.12,70.74,0.57,0,0,1,0,0,0,0
2014-08-27,243,8,27,1,0,0.74,74.63,68.8,7.12,1,0,0,0,0,0,0
2014-08-28,247,8,28,1,0,0.7,72.0,66.85,8.41,0,0,0,1,0,0,0
2014-08-29,276,8,29,1,0,0.76,81.98,71.15,10.81,0,0,0,1,0,0,0
2014-08-30,530,8,30,1,0,0.75,82.75,73.96,11.19,0,0,0,0,1,0,0
2014-08-31,535,8,31,1,0,0.76,83.82,70.29,6.56,0,0,1,0,0,0,0
2014-09-01,463,9,1,1,1,0.77,82.25,73.15,11.77,0,0,0,0,0,0,1
2014-09-02,239,9,2,1,0,0.72,77.2,69.82,1.58,0,0,1,0,0,0,0
2014-09-03,142,9,3,1,0,0.67,81.23,67.33,4.09,0,0,1,0,0,0,0
2014-09-04,154,9,4,1,0,0.75,83.81,71.32,11.02,0,0,0,0,0,0,1
2014-09-05,149,9,5,1,0,0.79,85.55,65.94,7.48,0,0,0,0,1,0,0
2014-09-06,515,9,6,1,0,0.66,69.95,61.84,6.61,1,0,0,0,0,0,0
2014-09-07,461,9,7,1,0,0.65,73.9,60.33,0.64,0,0,1,0,0,0,0
2014-09-08,237,9,8,1,0,0.64,73.73,61.75,5.68,0,0,1,0,0,0,0
2014-09-09,214,9,9,1,0,0.7,77.55,65.69,8.06,0,0,1,0,0,0,0
2014-09-10,54,9,10,1,0,0.82,79.48,59.5,8.68,0,0,0,0,1,0,0
2014-09-11,108,9,11,1,0,0.75,57.73,50.81,11.01,1,0,0,0,0,0,0
2014-09-12,44,9,12,1,0,0.81,55.63,46.34,9.74,0,0,1,0,0,0,0
2014-09-13,293,9,13,1,0,0.75,54.94,42.69,5.46,0,0,1,0,0,0,0
2014-09-14,404,9,14,1,0,0.69,65.05,48.87,5.23,0,0,1,0,0,0,0
2014-09-15,131,9,15,1,0,0.81,60.12,54.69,3.12,0,0,1,0,0,0,0
2014-09-16,167,9,16,1,0,0.71,62.91,49.15,2.27,1,0,0,0,0,0,0
2014-09-17,196,9,17,1,0,0.69,65.91,51.19,2.73,0,0,1,0,0,0,0
2014-09-18,211,9,18,1,0,0.78,65.11,54.54,5.54,0,0,1,0,0,0,0
2014-09-19,296,9,19,1,0,0.63,73.1,56.65,10.42,1,0,0,0,0,0,0
2014-09-20,366,9,20,1,0,0.75,76.35,63.23,11.03,0,0,0,0,1,0,0
2014-09-21,308,9,21,1,0,0.74,70.29,55.82,10.83,0,0,0,0,0,0,1
2014-09-22,201,9,22,1,0,0.67,61.86,49.69,3.05,1,0,0,0,0,0,0
2014-09-23,169,9,23,2,0,0.65,69.35,51.91,3.51,1,0,0,0,0,0,0
2014-09-24,127,9,24,2,0,0.67,69.66,55.78,4.33,1,0,0,0,0,0,0
2014-09-25,206,9,25,2,0,0.72,70.3,59.42,2.24,1,0,0,0,0,0,0
2014-09-26,262,9,26,2,0,0.72,70.48,58.32,2.87,1,0,0,0,0,0,0
2014-09-27,439,9,27,2,0,0.76,70.37,59.77,3.01,1,0,0,0,0,0,0
2014-09-28,410,9,28,2,0,0.78,70.4,58.24,3.12,1,0,0,0,0,0,0
2014-09-29,242,9,29,2,0,0.74,80.36,57.25,3.02,0,0,0,0,0,0,1
2014-09-30,67,9,30,2,0,0.8,56.35,52.19,11.3,0,0,0,0,0,0,1
2014-10-01,115,10,1,2,0,0.69,67.15,53.74,9.45,1,0,0,0,0,0,0
2014-10-02,75,10,2,2,0,0.81,71.89,63.4,7.21,0,0,0,0,1,0,0
2014-10-03,57,10,3,2,0,0.79,65.66,46.74,11.44,0,0,0,0,1,0,0
2014-10-04,43,10,4,2,0,0.69,47.71,37.8,13.04,0,0,1,0,0,0,0
2014-10-05,226,10,5,2,0,0.63,53.89,42.23,8.96,0,0,1,0,0,0,0
2014-10-06,105,10,6,2,0,0.64,60.04,48.61,8.11,0,0,1,0,0,0,0
2014-10-07,150,10,7,2,0,0.64,66.26,49.84,8.44,0,0,1,0,0,0,0
2014-10-08,134,10,8,2,0,0.53,65.03,48.65,9.34,1,0,0,0,0,0,0
2014-10-09,98,10,9,2,0,0.53,57.33,51.0,4.4,1,0,0,0,0,0,0
2014-10-10,167,10,10,2,0,0.69,55.69,45.84,5.97,1,0,0,0,0,0,0
2014-10-11,320,10,11,2,0,0.63,56.72,45.61,5.72,1,0,0,0,0,0,0
2014-10-12,104,10,12,2,0,0.68,62.25,45.66,9.84,1,0,0,0,0,0,0
2014-10-13,73,10,13,2,1,0.92,67.06,56.95,6.67,0,0,0,0,1,0,0
2014-10-14,26,10,14,2,0,0.91,65.98,54.82,5.22,0,0,0,0,1,0,0
2014-10-15,25,10,15,2,0,0.94,55.89,52.08,10.56,1,0,0,0,0,0,0
2014-10-16,91,10,16,2,0,0.9,56.76,51.99,3.91,0,0,0,1,0,0,0
2014-10-17,156,10,17,2,0,0.78,60.94,51.9,9.38,0,0,0,1,0,0,0
2014-10-18,102,10,18,2,0,0.74,50.62,43.94,10.08,1,0,0,0,0,0,0
2014-10-19,263,10,19,2,0,0.75,54.9,39.11,8.11,1,0,0,0,0,0,0
2014-10-20,152,10,20,2,0,0.73,59.89,50.06,4.84,0,0,0,1,0,0,0
2014-10-21,33,10,21,2,0,0.71,52.59,48.48,13.44,0,0,1,0,0,0,0
2014-10-22,57,10,22,2,0,0.72,50.78,44.09,4.86,1,0,0,0,0,0,0
2014-10-23,24,10,23,2,0,0.72,59.39,41.63,8.65,0,0,0,1,0,0,0
2014-10-24,121,10,24,2,0,0.66,65.17,53.48,4.21,0,0,0,1,0,0,0
2014-10-25,386,10,25,2,0,0.55,72.01,56.68,9.7,1,0,0,0,0,0,0
2014-10-26,253,10,26,2,0,0.48,57.33,47.29,1.88,1,0,0,0,0,0,0
2014-10-27,206,10,27,2,0,0.58,75.98,53.82,13.25,0,0,0,0,0,0,1
2014-10-28,31,10,28,2,0,0.58,67.29,49.89,13.93,0,0,0,1,0,0,0
2014-10-29,32,10,29,2,0,0.6,48.73,44.22,9.55,0,0,0,1,0,0,0
2014-10-30,63,10,30,2,0,0.7,50.96,38.8,5.82,0,0,1,0,0,0,0
2014-10-31,8,10,31,2,0,0.67,47.53,37.44,24.05,0,0,0,0,0,0,1
2014-11-01,52,11,1,2,0,0.63,41.48,37.0,15.72,0,0,0,0,0,0,1
2014-11-02,99,11,2,2,0,0.6,51.09,31.78,9.1,1,0,0,0,0,0,0
2014-11-03,70,11,3,2,0,0.45,62.08,44.76,14.57,0,0,0,0,0,0,1
2014-11-04,40,11,4,2,1,0.69,59.79,45.57,12.14,0,0,1,0,0,0,0
2014-11-05,63,11,5,2,0,0.63,60.72,40.23,8.01,0,0,0,1,0,0,0
2014-11-06,13,11,6,2,0,0.67,51.5,39.91,13.32,0,0,0,0,0,0,1
2014-11-07,49,11,7,2,0,0.59,43.35,36.1,5.84,0,0,1,0,0,0,0
2014-11-08,98,11,8,2,0,0.6,46.61,39.79,8.28,0,0,1,0,0,0,0
2014-11-09,99,11,9,2,0,0.59,51.47,36.39,9.49,0,0,0,1,0,0,0
2014-11-10,67,11,10,2,0,0.62,61.99,44.6,10.96,0,0,0,1,0,0,0
2014-11-11,12,11,11,2,1,0.73,59.12,33.1,10.21,0,0,0,0,1,0,0
2014-11-12,16,11,12,2,0,0.59,32.5,27.4,11.22,0,0,0,1,0,0,0
2014-11-13,11,11,13,2,0,0.63,28.83,25.41,10.84,0,0,1,0,0,0,0
2014-11-14,14,11,14,2,0,0.6,28.37,25.32,6.64,0,0,1,0,0,0,0
2014-11-15,25,11,15,2,0,0.64,30.87,21.4,5.19,1,0,0,0,0,0,0
2014-11-16,14,11,16,2,0,0.78,31.79,26.26,7.66,0,0,0,1,0,0,0
2014-11-17,8,11,17,2,0,0.65,24.5,13.1,14.81,0,0,0,1,0,0,0
2014-11-18,5,11,18,2,0,0.63,19.31,11.27,15.49,0,0,0,0,0,0,1
2014-11-19,10,11,19,2,0,0.6,31.13,17.88,10.52,1,0,0,0,0,0,0
2014-11-20,13,11,20,2,0,0.54,27.69,18.76,13.41,1,0,0,0,0,0,0
2014-11-21,8,11,21,2,0,0.48,33.54,14.61,6.75,1,0,0,0,0,0,0
2014-11-22,37,11,22,2,0,0.82,52.39,33.95,13.08,1,0,0,0,0,0,0
2014-11-23,11,11,23,2,0,0.87,52.35,46.68,9.43,0,0,0,0,1,0,0
2014-11-24,4,11,24,2,0,0.9,49.93,26.79,15.09,0,0,0,0,1,0,0
2014-11-25,15,11,25,2,0,0.76,27.12,22.08,9.64,0,0,1,0,0,0,0
2014-11-26,7,11,26,2,0,0.78,30.47,21.56,2.8,0,0,1,0,0,0,0
2014-11-27,5,11,27,2,1,0.72,28.68,18.96,9.19,0,0,1,0,0,0,0
2014-11-28,7,11,28,2,0,0.71,34.61,19.25,9.74,0,0,0,1,0,0,0
2014-11-29,113,11,29,2,0,0.8,51.13,32.35,14.13,0,0,0,1,0,0,0
2014-11-30,25,11,30,2,0,0.88,52.38,29.66,5.79,0,0,1,0,0,0,0
2014-12-01,7,12,1,2,0,0.56,27.55,19.31,10.66,1,0,0,0,0,0,0
2014-12-02,9,12,2,2,0,0.75,32.32,23.33,8.14,0,0,0,1,0,0,0
2014-12-03,24,12,3,2,0,0.65,37.62,27.03,9.16,1,0,0,0,0,0,0
2014-12-04,17,12,4,2,0,0.61,34.18,26.85,3.91,1,0,0,0,0,0,0
2014-12-05,21,12,5,2,0,0.84,37.57,33.37,3.02,0,0,1,0,0,0,0
2014-12-06,45,12,6,2,0,0.77,38.78,34.32,12.73,0,0,1,0,0,0,0
2014-12-07,14,12,7,2,0,0.66,35.76,30.75,10.11,1,0,0,0,0,0,0
2014-12-08,6,12,8,2,0,0.88,37.83,33.73,7.33,0,1,0,0,0,0,0
2014-12-09,4,12,9,2,0,0.88,37.23,32.8,12.85,1,0,0,0,0,0,0
2014-12-10,9,12,10,2,0,0.79,33.76,31.29,10.03,1,0,0,0,0,0,0
2014-12-11,12,12,11,2,0,0.77,32.56,25.45,7.45,0,0,1,0,0,0,0
2014-12-12,11,12,12,2,0,0.9,37.27,24.89,8.48,0,1,0,0,0,0,0
2014-12-13,44,12,13,2,0,0.87,47.85,36.09,7.29,1,0,0,0,0,0,0
2014-12-14,58,12,14,2,0,0.91,51.32,45.77,8.54,0,1,0,0,0,0,0
2014-12-15,16,12,15,2,0,0.95,45.79,40.47,9.71,0,1,0,0,0,0,0
2014-12-16,11,12,16,2,0,0.9,45.06,32.32,8.79,0,1,0,0,0,0,0
2014-12-17,13,12,17,2,0,0.71,30.82,25.55,9.86,1,0,0,0,0,0,0
2014-12-18,14,12,18,2,0,0.7,28.95,23.52,4.09,0,0,1,0,0,0,0
2014-12-19,12,12,19,2,0,0.73,32.59,28.36,2.84,1,0,0,0,0,0,0
2014-12-20,16,12,20,2,0,0.76,33.16,30.52,5.89,1,0,0,0,0,0,0
2014-12-21,12,12,21,2,0,0.77,36.74,32.83,10.11,0,0,0,1,0,0,0
2014-12-22,5,12,22,2,0,0.87,40.06,30.95,10.12,0,0,0,0,1,0,0
2014-12-23,34,12,23,3,0,0.82,48.52,40.2,8.66,0,0,0,1,0,0,0
2014-12-24,3,12,24,3,0,0.86,42.09,36.87,5.88,1,0,0,0,0,0,0
2014-12-25,17,12,25,3,1,0.77,41.98,34.66,10.47,0,0,1,0,0,0,0
2014-12-26,46,12,26,3,0,0.77,49.55,37.37,10.85,0,0,0,1,0,0,0
2014-12-27,16,12,27,3,0,0.82,47.67,33.21,11.1,0,0,0,1,0,0,0
2014-12-28,21,12,28,3,0,0.67,34.59,25.36,6.67,1,0,0,0,0,0,0
2014-12-29,23,12,29,3,0,0.69,30.97,26.1,8.74,0,0,1,0,0,0,0
2014-12-30,16,12,30,3,0,0.54,24.72,13.64,9.97,1,0,0,0,0,0,0
2014-12-31,7,12,31,3,0,0.51,20.68,6.26,12.51,1,0,0,0,0,0,0
2015-01-01,18,1,1,3,1,0.56,30.48,16.53,14.36,0,0,0,1,0,0,0
2015-01-02,38,1,2,3,0,0.69,32.45,22.33,3.12,1,0,0,0,0,0,0
2015-01-03,1,1,3,3,0,0.92,34.78,30.86,2.04,0,0,0,0,0,1,0
2015-01-04,1,1,4,3,0,0.82,34.49,6.44,13.55,0,1,0,0,0,0,0
2015-01-07,1,1,7,3,0,0.55,8.02,-3.03,16.69,0,0,0,0,0,0,1
2015-01-09,2,1,9,3,0,0.63,13.89,3.04,16.87,0,0,1,0,0,0,0
2015-01-10,2,1,10,3,0,0.66,24.2,0.83,12.14,1,0,0,0,0,0,0
2015-01-11,8,1,11,3,0,0.71,32.77,24.45,10.2,0,0,0,1,0,0,0
2015-01-12,2,1,12,3,0,0.74,29.03,19.79,15.41,0,0,0,0,0,0,1
2015-01-13,1,1,13,3,0,0.71,20.97,11.92,7.54,0,0,0,1,0,0,0
2015-01-14,3,1,14,3,0,0.77,20.07,7.33,8.03,0,0,0,1,0,0,0
2015-01-15,2,1,15,3,0,0.74,34.4,17.22,10.23,0,0,1,0,0,0,0
2015-01-16,7,1,16,3,0,0.8,32.79,25.75,2.38,0,0,1,0,0,0,0
2015-01-17,26,1,17,3,0,0.74,42.33,29.17,15.24,0,0,0,0,0,0,1
2015-01-18,9,1,18,3,0,0.76,40.44,32.99,10.71,0,0,1,0,0,0,0
2015-01-19,12,1,19,3,1,0.84,37.62,28.53,0.98,0,0,0,1,0,0,0
2015-01-20,7,1,20,3,0,0.89,36.5,32.07,4.02,0,0,1,0,0,0,0
2015-01-21,6,1,21,3,0,0.86,32.63,30.5,9.47,0,0,0,1,0,0,0
2015-01-22,8,1,22,3,0,0.74,32.62,29.66,5.95,1,0,0,0,0,0,0
2015-01-23,11,1,23,3,0,0.77,32.28,29.81,10.86,0,0,0,1,0,0,0
2015-01-24,25,1,24,3,0,0.79,41.74,30.93,8.4,0,0,1,0,0,0,0
2015-01-25,6,1,25,3,0,0.85,34.15,24.86,17.33,0,0,0,0,0,0,1
2015-01-26,7,1,26,3,0,0.79,27.09,20.99,2.75,0,0,1,0,0,0,0
2015-01-27,10,1,27,3,0,0.75,29.76,25.77,6.91,0,0,1,0,0,0,0
2015-01-28,5,1,28,3,0,0.67,34.37,22.82,11.61,0,0,0,1,0,0,0
2015-01-29,9,1,29,3,0,0.69,36.69,32.49,9.19,0,0,0,0,0,0,1
2015-01-30,5,1,30,3,0,0.56,30.22,23.0,6.99,1,0,0,0,0,0,0
2015-01-31,13,1,31,3,0,0.75,36.75,23.44,4.9,0,0,0,0,0,1,0
2015-02-02,2,2,2,3,0,0.76,20.39,10.01,10.68,0,0,0,1,0,0,0
2015-02-03,4,2,3,3,0,0.82,27.57,9.3,6.24,1,0,0,0,0,0,0
2015-02-04,4,2,4,3,0,0.77,27.73,13.1,10.1,0,1,0,0,0,0,0
2015-02-05,2,2,5,3,0,0.61,16.94,5.48,9.31,0,0,0,1,0,0,0
2015-02-06,4,2,6,3,0,0.7,31.2,14.84,9.3,0,0,1,0,0,0,0
2015-02-07,5,2,7,3,0,0.81,42.2,27.11,9.73,1,0,0,0,0,0,0
2015-02-09,2,2,9,3,0,0.81,28.62,25.91,17.06,0,0,0,1,0,0,0
2015-02-10,4,2,10,3,0,0.68,28.82,25.24,5.29,0,0,0,1,0,0,0
2015-02-11,4,2,11,3,0,0.73,35.93,21.46,10.53,0,0,0,1,0,0,0
2015-02-12,1,2,12,3,1,0.56,20.41,11.3,14.43,0,0,0,0,0,0,1
2015-02-13,8,2,13,3,0,0.68,27.86,8.52,10.39,0,0,1,0,0,0,0
2015-02-14,4,2,14,3,0,0.55,28.45,4.77,18.77,0,0,0,0,0,0,1
2015-02-15,1,2,15,3,0,0.61,13.03,0.45,2.27,0,0,1,0,0,0,0
2015-02-16,2,2,16,3,1,0.49,15.96,7.78,4.59,1,0,0,0,0,0,0
2015-02-17,2,2,17,3,0,0.65,20.02,11.71,9.6,0,0,0,1,0,0,0
2015-02-18,2,2,18,3,0,0.58,10.62,-0.13,14.87,0,0,1,0,0,0,0
2015-02-19,2,2,19,3,0,0.48,5.7,-5.21,11.71,1,0,0,0,0,0,0
2015-02-20,1,2,20,3,0,0.62,18.9,0.01,13.7,1,0,0,0,0,0,0
2015-02-21,4,2,21,3,0,0.72,28.5,18.1,1.48,0,0,0,1,0,0,0
2015-02-22,2,2,22,3,0,0.57,28.77,7.04,12.37,1,0,0,0,0,0,0
2015-02-24,5,2,24,3,0,0.6,29.68,6.69,13.73,0,0,1,0,0,0,0
2015-02-25,1,2,25,3,0,0.63,25.45,17.41,8.76,0,0,0,0,0,0,1
2015-02-26,2,2,26,3,0,0.68,20.37,8.78,14.45,0,0,0,0,0,0,1
2015-02-27,2,2,27,3,0,0.56,16.87,3.82,7.27,1,0,0,0,0,0,0
2015-03-01,9,3,1,3,0,0.79,26.43,18.09,5.87,0,0,0,1,0,0,0
2015-03-02,9,3,2,3,1,0.63,27.87,16.61,2.39,0,0,0,1,0,0,0
2015-03-03,3,3,3,3,0,0.8,35.46,26.03,7.7,0,0,0,0,0,0,1
2015-03-04,5,3,4,3,0,0.58,31.95,15.03,12.36,1,0,0,0,0,0,0
2015-03-05,5,3,5,3,0,0.49,17.96,9.72,8.9,1,0,0,0,0,0,0
2015-03-06,7,3,6,3,0,0.65,26.09,6.39,14.4,0,0,0,1,0,0,0
2015-03-07,50,3,7,3,0,0.68,46.02,25.24,10.05,0,0,1,0,0,0,0
2015-03-08,27,3,8,3,0,0.71,41.02,32.24,7.07,0,0,1,0,0,0,0
2015-03-09,52,3,9,3,0,0.68,46.86,32.48,5.39,0,1,0,0,0,0,0
2015-03-10,44,3,10,3,0,0.88,51.7,36.39,7.53,0,1,0,0,0,0,0
2015-03-11,50,3,11,3,0,0.74,43.01,35.91,4.95,1,0,0,0,0,0,0
2015-03-12,45,3,12,3,0,0.61,46.55,32.1,6.38,1,0,0,0,0,0,0
2015-03-13,169,3,13,3,0,0.56,54.65,37.37,6.34,1,0,0,0,0,0,0
2015-03-14,142,3,14,3,0,0.66,49.1,37.45,4.38,1,0,0,0,0,0,0
2015-03-15,226,3,15,3,0,0.62,61.01,34.51,9.46,1,0,0,0,0,0,0
2015-03-16,213,3,16,3,0,0.47,72.72,46.68,10.01,0,0,0,0,0,0,1
2015-03-17,49,3,17,3,0,0.52,43.78,33.14,15.44,0,0,0,0,0,0,1
2015-03-18,51,3,18,3,0,0.43,44.02,32.14,1.65,0,0,0,1,0,0,0
2015-03-19,17,3,19,3,0,0.45,41.46,37.69,7.09,0,0,1,0,0,0,0
2015-03-20,72,3,20,3,0,0.73,48.25,38.79,8.49,0,0,1,0,0,0,0
2015-03-21,59,3,21,0,0,0.75,44.82,33.17,3.69,0,0,1,0,0,0,0
2015-03-22,15,3,22,0,0,0.62,33.32,30.09,14.02,0,0,1,0,0,0,0
2015-03-23,1,3,23,0,0,0.81,32.15,28.8,14.1,0,0,0,0,0,1,0
2015-03-24,2,3,24,0,0,0.64,36.98,26.74,13.44,0,0,0,0,0,0,1
2015-03-25,14,3,25,0,0,0.84,41.93,37.25,8.33,0,0,0,1,0,0,0
2015-03-26,9,3,26,0,0,0.62,40.23,33.27,8.08,0,0,0,0,0,0,1
2015-03-27,9,3,27,0,0,0.59,32.8,24.73,18.04,0,0,0,0,0,0,1
2015-03-28,19,3,28,0,0,0.5,30.46,23.39,7.18,1,0,0,0,0,0,0
2015-03-29,8,3,29,0,0,0.6,48.22,28.09,14.76,0,0,0,0,0,0,1
2015-03-30,66,3,30,0,0,0.53,59.49,38.13,6.4,0,0,1,0,0,0,0
2015-03-31,60,3,31,0,0,0.63,54.95,38.33,2.47,0,0,1,0,0,0,0
2015-04-01,112,4,1,0,0,0.5,71.77,40.73,10.31,0,0,0,0,0,0,1
2015-04-02,36,4,2,0,0,0.64,60.65,51.83,8.21,0,0,0,0,0,0,1
2015-04-03,32,4,3,0,0,0.58,54.34,33.79,11.46,0,0,1,0,0,0,0
2015-04-04,220,4,4,0,0,0.48,57.53,32.23,10.19,0,0,1,0,0,0,0
2015-04-05,217,4,5,0,0,0.35,65.1,43.18,8.75,0,0,0,1,0,0,0
2015-04-06,43,4,6,0,0,0.61,56.1,39.14,2.7,0,0,0,1,0,0,0
2015-04-07,3,4,7,0,0,0.9,44.01,37.96,11.91,1,0,0,0,0,0,0
2015-04-08,13,4,8,0,0,0.91,45.17,39.9,7.85,0,1,0,0,0,0,0
2015-04-09,30,4,9,0,0,0.87,71.23,41.96,6.41,0,0,0,0,1,0,0
2015-04-10,85,4,10,0,0,0.63,60.45,41.85,16.71,0,0,0,0,0,0,1
2015-04-11,392,4,11,0,0,0.53,61.11,40.58,6.78,1,0,0,0,0,0,0
2015-04-12,249,4,12,0,0,0.42,67.24,47.09,10.81,0,0,0,1,0,0,0
2015-04-13,111,4,13,0,0,0.48,65.03,56.52,9.33,0,0,0,0,1,0,0
2015-04-14,97,4,14,0,0,0.35,56.53,45.94,4.3,1,0,0,0,0,0,0
2015-04-15,62,4,15,0,0,0.44,54.97,43.29,8.41,0,0,0,1,0,0,0
2015-04-16,72,4,16,0,0,0.67,54.15,43.1,4.87,1,0,0,0,0,0,0
2015-04-17,332,4,17,0,0,0.6,68.64,51.16,4.45,0,0,1,0,0,0,0
2015-04-18,245,4,18,0,0,0.61,64.08,45.46,8.99,0,0,0,0,0,0,1
2015-04-19,113,4,19,0,0,0.6,57.12,47.62,6.61,0,0,0,0,1,0,0
2015-04-20,36,4,20,0,0,0.77,52.77,44.52,15.02,0,0,0,0,0,0,1
2015-04-21,48,4,21,0,0,0.51,53.13,41.5,17.98,0,0,0,0,0,0,1
2015-04-22,22,4,22,0,0,0.51,45.17,36.34,12.83,0,0,0,0,0,0,1
2015-04-23,66,4,23,0,0,0.5,45.1,36.32,1.75,1,0,0,0,0,0,0
2015-04-24,102,4,24,0,0,0.54,50.71,38.49,5.18,0,0,0,0,1,0,0
2015-04-25,23,4,25,0,0,0.82,44.32,40.46,13.41,0,0,0,0,1,0,0
2015-04-26,205,4,26,0,0,0.58,47.64,39.7,13.23,0,0,0,0,0,0,1
2015-04-27,90,4,27,0,0,0.62,48.81,41.2,13.24,0,0,0,0,0,0,1
2015-04-28,90,4,28,0,0,0.67,48.39,40.19,6.25,1,0,0,0,0,0,0
2015-04-29,84,4,29,0,0,0.64,52.21,42.67,7.59,0,0,1,0,0,0,0
2015-04-30,67,4,30,0,0,0.69,45.06,40.96,15.26,0,0,0,0,0,0,1
2015-05-01,96,5,1,0,0,0.65,54.7,42.09,2.15,1,0,0,0,0,0,0
2015-05-02,501,5,2,0,0,0.45,70.44,54.6,6.19,1,0,0,0,0,0,0
2015-05-03,288,5,3,0,0,0.51,78.13,60.37,9.99,0,0,0,0,1,0,0
2015-05-04,129,5,4,0,0,0.69,68.1,51.65,2.19,0,0,1,0,0,0,0
2015-05-05,14,5,5,0,0,0.89,53.57,46.95,7.99,0,0,0,0,1,0,0
2015-05-06,37,5,6,0,0,0.85,58.82,46.76,4.77,0,1,0,0,0,0,0
2015-05-07,223,5,7,0,0,0.59,82.28,52.06,9.45,0,0,1,0,0,0,0
2015-05-08,156,5,8,0,0,0.79,77.09,59.37,7.44,0,0,0,0,1,0,0
2015-05-09,106,5,9,0,0,0.9,60.56,45.47,9.7,0,0,0,0,0,0,1
2015-05-10,84,5,10,0,0,0.93,49.44,44.43,11.24,0,0,1,0,0,0,0
2015-05-11,72,5,11,0,0,0.82,67.85,46.09,9.39,0,0,0,0,0,0,1
2015-05-12,99,5,12,0,0,0.6,54.79,49.05,14.26,0,0,0,0,0,0,1
2015-05-13,94,5,13,0,0,0.67,48.7,42.83,10.29,0,0,0,0,0,0,1
2015-05-14,122,5,14,0,0,0.64,59.22,43.72,9.57,0,0,0,0,1,0,0
2015-05-15,272,5,15,0,0,0.78,73.87,55.87,6.55,0,0,1,0,0,0,0
2015-05-15,272,5,15,0,0,0.78,73.87,55.87,6.55,0,0,1,0,0,0,0
2015-05-16,639,5,16,0,0,0.82,76.81,62.4,7.1,0,0,0,1,0,0,0
2015-05-17,427,5,17,0,0,0.77,79.29,63.44,14.19,0,0,0,0,0,0,1
2015-05-18,254,5,18,0,0,0.64,77.52,52.4,12.15,0,0,0,0,0,0,1
2015-05-19,99,5,19,0,0,0.64,50.92,42.1,5.51,1,0,0,0,0,0,0
2015-05-20,36,5,20,0,0,0.65,45.95,41.38,9.45,0,0,1,0,0,0,0
2015-05-21,160,5,21,0,0,0.56,66.69,46.1,7.47,1,0,0,0,0,0,0
2015-05-22,308,5,22,0,0,0.54,59.36,48.14,5.73,1,0,0,0,0,0,0
2015-05-23,597,5,23,0,0,0.46,68.9,51.23,5.32,1,0,0,0,0,0,0
2015-05-24,355,5,24,0,0,0.67,71.85,60.59,3.98,0,0,0,0,1,0,0
2015-05-25,597,5,25,0,1,0.69,77.86,68.7,15.04,0,0,0,0,0,0,1
2015-05-26,143,5,26,0,0,0.8,73.22,66.74,12.67,0,0,0,0,1,0,0
2015-05-27,238,5,27,0,0,0.72,71.5,59.53,8.35,0,0,1,0,0,0,0
2015-05-28,442,5,28,0,0,0.66,72.9,59.3,3.8,1,0,0,0,0,0,0
2015-05-29,291,5,29,0,0,0.71,80.12,64.19,8.77,0,0,1,0,0,0,0
2015-05-30,31,5,30,0,0,0.9,72.69,45.3,11.07,0,0,0,0,1,0,0
2015-05-31,25,5,31,0,0,0.8,50.35,43.5,18.61,0,0,0,0,0,0,1
2015-06-01,116,6,1,0,0,0.7,53.38,47.32,10.61,0,0,1,0,0,0,0
2015-06-02,215,6,2,0,0,0.68,61.92,46.08,4.14,1,0,0,0,0,0,0
2015-06-03,231,6,3,0,0,0.68,66.44,53.35,5.19,1,0,0,0,0,0,0
2015-06-04,203,6,4,0,0,0.68,76.47,60.75,7.32,0,0,1,0,0,0,0
2015-06-05,124,6,5,0,0,0.84,70.64,53.2,12.88,0,0,0,0,0,0,1
2015-06-06,613,6,6,0,0,0.75,60.36,51.19,7.62,0,0,0,1,0,0,0
2015-06-07,281,6,7,0,0,0.84,79.06,53.94,10.34,0,0,0,0,1,0,0
2015-06-08,298,6,8,0,0,0.75,82.23,62.64,8.95,0,0,1,0,0,0,0
2015-06-09,468,6,9,0,0,0.65,83.17,61.51,6.98,1,0,0,0,0,0,0
2015-06-10,295,6,10,0,0,0.63,88.51,65.16,5.95,0,0,0,0,0,0,1
2015-06-11,179,6,11,0,0,0.77,66.3,59.94,5.84,0,0,0,0,1,0,0
2015-06-12,54,6,12,0,0,0.93,67.67,54.13,5.55,0,0,0,1,0,0,0
2015-06-13,409,6,13,0,0,0.84,72.2,54.76,0.11,0,0,0,0,1,0,0
2015-06-14,504,6,14,0,0,0.83,82.07,67.35,5.19,0,0,0,0,1,0,0
2015-06-15,96,6,15,0,0,0.91,77.81,68.16,4.75,0,0,0,0,1,0,0
2015-06-16,350,6,16,0,0,0.73,69.02,56.61,9.96,1,0,0,0,0,0,0
2015-06-17,191,6,17,0,0,0.8,63.15,56.82,2.82,0,0,1,0,0,0,0
2015-06-18,296,6,18,0,0,0.81,79.62,57.74,5.67,0,1,0,0,0,0,0
2015-06-19,364,6,19,0,0,0.77,59.05,54.04,11.68,1,0,0,0,0,0,0
2015-06-20,569,6,20,0,0,0.78,77.42,55.45,1.67,0,0,0,0,1,0,0
2015-06-21,543,6,21,1,0,0.74,80.84,68.48,4.68,0,0,1,0,0,0,0
2015-06-22,213,6,22,1,0,0.83,82.57,69.66,9.96,0,0,0,0,0,0,1
2015-06-23,408,6,23,1,0,0.63,75.63,64.04,3.09,0,0,1,0,0,0,0
2015-06-24,336,6,24,1,0,0.69,76.13,62.83,3.82,0,0,1,0,0,0,0
2015-06-25,224,6,25,1,0,0.86,76.34,61.99,1.01,0,0,0,0,1,0,0
2015-06-26,224,6,26,1,0,0.89,64.17,59.62,9.08,0,0,0,0,1,0,0
2015-06-27,707,6,27,1,0,0.69,68.72,59.27,10.5,1,0,0,0,0,0,0
2015-06-28,627,6,28,1,0,0.65,71.5,59.83,2.51,0,0,1,0,0,0,0
2015-06-29,359,6,29,1,0,0.86,68.21,64.04,3.06,0,0,0,0,1,0,0
2015-06-30,383,6,30,1,0,0.81,70.68,58.85,3.46,0,0,1,0,0,0,0
2015-07-01,394,7,1,1,0,0.77,60.98,55.96,8.47,0,0,1,0,0,0,0
2015-07-02,338,7,2,1,0,0.79,63.46,55.1,11.52,0,0,1,0,0,0,0
2015-07-03,616,7,3,1,1,0.7,68.67,60.0,4.26,1,0,0,0,0,0,0
2015-07-04,551,7,4,1,1,0.67,72.68,63.03,0.71,1,0,0,0,0,0,0
2015-07-05,609,7,5,1,0,0.68,75.69,65.91,4.09,1,0,0,0,0,0,0
2015-07-06,340,7,6,1,0,0.76,82.68,68.34,9.36,0,0,0,0,1,0,0
2015-07-07,230,7,7,1,0,0.74,72.28,57.78,11.55,0,0,0,0,1,0,0
2015-07-08,164,7,8,1,0,0.78,62.56,56.88,6.76,0,0,1,0,0,0,0
2015-07-09,449,7,9,1,0,0.79,66.5,59.39,5.66,0,0,1,0,0,0,0
2015-07-10,593,7,10,1,0,0.7,72.76,63.34,1.3,1,0,0,0,0,0,0
2015-07-11,595,7,11,1,0,0.72,73.26,64.15,4.65,0,0,1,0,0,0,0
2015-07-12,753,7,12,1,0,0.81,74.62,66.35,3.91,0,0,1,0,0,0,0
2015-07-13,346,7,13,1,0,0.78,84.29,67.11,7.88,0,0,0,0,1,0,0
2015-07-14,367,7,14,1,0,0.75,76.85,62.7,8.51,0,0,0,0,0,0,1
2015-07-15,387,7,15,1,0,0.68,68.61,60.31,9.35,1,0,0,0,0,0,0
2015-07-16,158,7,16,1,0,0.79,74.25,61.73,4.78,0,0,0,0,1,0,0
2015-07-17,368,7,17,1,0,0.76,89.77,70.03,6.0,0,0,1,0,0,0,0
2015-07-18,627,7,18,1,0,0.79,80.73,73.71,4.19,0,0,0,0,1,0,0
2015-07-19,775,7,19,1,0,0.72,78.82,70.62,1.63,1,0,0,0,0,0,0
2015-07-20,426,7,20,1,0,0.68,84.78,68.36,6.01,1,0,0,0,0,0,0
2015-07-21,398,7,21,1,0,0.59,75.22,67.65,5.5,0,0,0,1,0,0,0
2015-07-22,414,7,22,1,0,0.6,75.71,67.91,1.53,0,0,1,0,0,0,0
2015-07-23,468,7,23,1,0,0.62,77.81,67.54,2.27,0,0,1,0,0,0,0
2015-07-24,387,7,24,1,0,0.62,83.45,70.08,7.5,1,0,0,0,0,0,0
2015-07-25,540,7,25,1,0,0.72,83.78,72.22,1.54,0,0,1,0,0,0,0
2015-07-26,638,7,26,1,0,0.76,75.51,68.88,3.61,0,0,0,1,0,0,0
2015-07-27,402,7,27,1,0,0.7,81.41,70.21,4.95,1,0,0,0,0,0,0
2015-07-28,300,7,28,1,0,0.69,83.66,71.9,4.39,0,0,0,1,0,0,0
2015-07-29,438,7,29,1,0,0.64,85.96,75.66,6.24,0,0,1,0,0,0,0
2015-07-30,498,7,30,1,0,0.51,86.58,68.88,9.45,1,0,0,0,0,0,0
2015-07-31,496,7,31,1,0,0.51,85.49,71.11,9.8,0,0,0,0,0,0,1
2015-08-01,739,8,1,1,0,0.53,85.02,67.23,8.88,0,0,1,0,0,0,0
2015-08-02,569,8,2,1,0,0.64,89.44,71.68,13.18,0,0,0,0,1,0,0
2015-08-03,418,8,3,1,0,0.63,79.93,66.39,6.94,0,0,1,0,0,0,0
2015-08-04,547,8,4,1,0,0.58,80.45,65.12,3.5,0,0,1,0,0,0,0
2015-08-05,411,8,5,1,0,0.63,77.25,65.7,4.1,1,0,0,0,0,0,0
2015-08-06,360,8,6,1,0,0.68,76.44,68.84,8.02,1,0,0,0,0,0,0
2015-08-07,494,8,7,1,0,0.6,78.84,66.57,7.38,0,0,0,1,0,0,0
2015-08-08,546,8,8,1,0,0.72,78.85,69.51,1.02,0,0,1,0,0,0,0
2015-08-09,528,8,9,1,0,0.83,75.76,68.83,2.21,0,0,1,0,0,0,0
2015-08-10,455,8,10,1,0,0.82,78.51,71.66,4.61,0,0,0,0,1,0,0
2015-08-11,412,8,11,1,0,0.72,75.79,68.81,6.52,0,0,1,0,0,0,0
2015-08-12,430,8,12,1,0,0.7,73.05,66.93,4.79,0,0,1,0,0,0,0
2015-08-13,469,8,13,1,0,0.65,83.35,67.1,9.27,0,0,0,1,0,0,0
2015-08-14,434,8,14,1,0,0.7,87.55,71.3,8.01,0,0,0,0,1,0,0
2015-08-15,506,8,15,1,0,0.78,82.12,69.19,3.9,0,0,1,0,0,0,0
2015-08-16,640,8,16,1,0,0.71,88.28,72.77,7.88,0,0,1,0,0,0,0
2015-08-17,286,8,17,1,0,0.74,84.9,69.49,5.67,0,0,0,1,0,0,0
2015-08-18,177,8,18,1,0,0.82,80.25,68.14,7.92,0,0,0,0,1,0,0
2015-08-19,341,8,19,1,0,0.72,76.02,64.66,12.98,0,0,0,0,0,0,1
2015-08-20,369,8,20,1,0,0.63,73.04,60.72,12.75,0,0,0,0,0,0,1
2015-08-21,407,8,21,1,0,0.62,79.92,60.99,8.03,0,0,1,0,0,0,0
2015-08-22,650,8,22,1,0,0.59,75.11,66.01,8.37,0,0,0,1,0,0,0
2015-08-23,530,8,23,1,0,0.67,76.02,66.89,7.53,0,0,0,0,1,0,0
2015-08-24,324,8,24,1,0,0.56,72.22,57.97,11.97,0,0,0,0,0,0,1
2015-08-25,238,8,25,1,0,0.61,65.1,60.49,5.31,0,0,1,0,0,0,0
2015-08-26,214,8,26,1,0,0.71,63.34,59.08,4.61,0,0,1,0,0,0,0
2015-08-27,230,8,27,1,0,0.72,69.47,58.07,0.7,1,0,0,0,0,0,0
2015-08-28,369,8,28,1,0,0.75,72.76,60.74,4.21,1,0,0,0,0,0,0
2015-08-29,180,8,29,1,0,0.84,70.72,63.71,2.44,0,0,0,0,1,0,0
2015-08-30,568,8,30,1,0,0.83,71.41,63.46,3.78,0,0,1,0,0,0,0
2015-08-31,347,8,31,1,0,0.81,77.55,64.91,2.35,0,1,0,0,0,0,0
2015-09-01,311,9,1,1,0,0.77,86.74,72.52,8.52,0,0,1,0,0,0,0
2015-09-02,182,9,2,1,0,0.7,88.88,73.41,6.83,0,0,1,0,0,0,0
2015-09-03,252,9,3,1,0,0.69,89.09,70.47,5.23,0,0,1,0,0,0,0
2015-09-04,405,9,4,1,0,0.81,75.27,68.79,5.03,0,0,1,0,0,0,0
2015-09-05,725,9,5,1,0,0.78,82.25,70.61,6.03,0,0,1,0,0,0,0
2015-09-06,672,9,6,1,0,0.63,90.24,72.95,8.84,0,0,1,0,0,0,0
2015-09-07,603,9,7,1,1,0.67,86.3,76.7,6.34,0,0,0,1,0,0,0
2015-09-08,100,9,8,1,0,0.83,81.8,69.64,6.59,0,0,0,0,1,0,0
2015-09-09,182,9,9,1,0,0.75,71.0,64.57,5.9,1,0,0,0,0,0,0
2015-09-10,183,9,10,1,0,0.8,71.56,62.18,2.38,0,0,0,0,1,0,0
2015-09-11,75,9,11,1,0,0.79,64.74,59.58,9.57,0,0,0,0,1,0,0
2015-09-12,428,9,12,1,0,0.69,61.89,53.66,12.37,0,0,0,0,0,0,1
2015-09-13,503,9,13,1,0,0.61,67.77,52.63,4.86,0,0,1,0,0,0,0
2015-09-14,286,9,14,1,0,0.57,80.0,56.67,13.17,0,0,0,0,0,0,1
2015-09-15,279,9,15,1,0,0.53,80.67,64.6,10.98,1,0,0,0,0,0,0
2015-09-16,260,9,16,1,0,0.55,81.33,62.44,11.01,1,0,0,0,0,0,0
2015-09-17,214,9,17,1,0,0.65,83.47,65.76,12.44,0,0,0,0,1,0,0
2015-09-18,221,9,18,1,0,0.88,75.25,66.91,4.11,0,0,0,0,1,0,0
2015-09-19,661,9,19,1,0,0.74,68.07,58.95,7.26,0,0,0,0,0,0,1
2015-09-20,483,9,20,1,0,0.69,67.21,55.48,2.04,1,0,0,0,0,0,0
2015-09-21,305,9,21,1,0,0.68,68.17,57.1,5.14,1,0,0,0,0,0,0
2015-09-22,226,9,22,1,0,0.64,72.62,57.83,4.86,1,0,0,0,0,0,0
2015-09-23,269,9,23,2,0,0.65,72.5,61.38,3.21,1,0,0,0,0,0,0
2015-09-24,253,9,24,2,0,0.74,70.36,62.1,5.27,1,0,0,0,0,0,0
2015-09-25,294,9,25,2,0,0.8,68.8,63.53,8.56,1,0,0,0,0,0,0
2015-09-26,551,9,26,2,0,0.73,71.33,61.83,7.55,0,0,0,1,0,0,0
2015-09-27,481,9,27,2,0,0.78,69.54,65.9,6.48,0,0,0,1,0,0,0
2015-09-28,239,9,28,2,0,0.79,73.77,66.39,5.21,0,0,0,1,0,0,0
2015-09-29,47,9,29,2,0,0.82,70.8,58.77,14.75,0,0,0,0,1,0,0
2015-09-30,81,9,30,2,0,0.62,59.54,55.67,17.57,0,0,0,0,0,0,1
2015-10-01,71,10,1,2,0,0.61,58.05,53.72,21.11,0,0,0,0,0,0,1
2015-10-02,71,10,2,2,0,0.6,59.43,52.58,22.77,0,0,0,0,0,0,1
2015-10-03,76,10,3,2,0,0.69,52.82,49.17,23.96,0,0,0,0,0,0,1
2015-10-04,74,10,4,2,0,0.84,57.06,49.86,13.11,0,0,0,1,0,0,0
2015-10-05,120,10,5,2,0,0.89,58.41,56.06,6.76,1,0,0,0,0,0,0
2015-10-06,132,10,6,2,0,0.85,62.81,56.93,2.88,0,0,0,1,0,0,0
2015-10-07,125,10,7,2,0,0.82,64.34,57.38,3.55,0,0,1,0,0,0,0
2015-10-08,248,10,8,2,0,0.7,75.72,55.09,6.53,0,0,1,0,0,0,0
2015-10-09,158,10,9,2,0,0.72,65.83,54.6,13.16,0,0,0,0,0,0,1
2015-10-10,366,10,10,2,0,0.67,64.6,48.1,4.77,1,0,0,0,0,0,0
2015-10-11,339,10,11,2,0,0.55,77.37,53.49,12.8,0,0,0,0,0,0,1
2015-10-12,321,10,12,2,1,0.54,73.63,60.17,12.07,0,0,0,0,0,0,1
2015-10-13,152,10,13,2,0,0.62,60.68,51.36,9.98,0,0,1,0,0,0,0
2015-10-14,125,10,14,2,0,0.63,60.53,46.61,4.93,1,0,0,0,0,0,0
2015-10-15,156,10,15,2,0,0.48,67.81,50.16,9.32,0,0,0,0,0,0,1
2015-10-16,195,10,16,2,0,0.5,53.17,44.77,10.57,0,0,1,0,0,0,0
2015-10-17,218,10,17,2,0,0.48,50.74,38.17,8.94,0,0,1,0,0,0,0
2015-10-18,235,10,18,2,0,0.55,54.83,38.6,2.45,1,0,0,0,0,0,0
2015-10-19,170,10,19,2,0,0.37,71.28,48.07,18.39,0,0,0,0,0,0,1
2015-10-20,126,10,20,2,0,0.41,73.8,56.57,11.32,0,0,0,0,1,0,0
2015-10-21,158,10,21,2,0,0.64,74.31,57.9,10.45,0,0,0,1,0,0,0
2015-10-22,148,10,22,2,0,0.7,64.23,54.22,7.51,1,0,0,0,0,0,0
2015-10-23,94,10,23,2,0,0.67,61.29,52.67,12.02,0,0,0,0,1,0,0
2015-10-24,208,10,24,2,0,0.8,65.8,53.1,9.34,0,0,0,0,1,0,0
2015-10-25,321,10,25,2,0,0.65,57.61,45.4,1.29,1,0,0,0,0,0,0
2015-10-26,121,10,26,2,0,0.67,57.89,47.63,8.87,1,0,0,0,0,0,0
2015-10-27,43,10,27,2,0,0.69,56.3,51.79,16.69,0,0,0,0,1,0,0
2015-10-28,22,10,28,2,0,0.87,56.71,40.81,9.59,0,0,0,0,1,0,0
2015-10-29,29,10,29,2,0,0.7,47.1,37.94,14.49,0,0,0,0,0,0,1
2015-10-30,119,10,30,2,0,0.71,55.22,40.59,5.2,0,0,1,0,0,0,0
2015-10-31,15,10,31,2,0,0.85,52.8,45.43,10.78,0,0,0,0,1,0,0
2015-11-01,246,11,1,2,0,0.7,63.62,46.69,9.08,1,0,0,0,0,0,0
2015-11-02,220,11,2,2,0,0.6,72.03,51.94,11.51,1,0,0,0,0,0,0
2015-11-03,190,11,3,2,0,0.76,65.32,51.37,5.91,1,0,0,0,0,0,0
2015-11-04,153,11,4,2,0,0.8,71.4,52.83,8.74,0,0,0,1,0,0,0
2015-11-05,97,11,5,2,0,0.77,69.03,61.68,17.04,0,0,0,0,1,0,0
2015-11-06,90,11,6,2,0,0.72,65.11,44.73,13.76,0,0,0,0,0,0,1
2015-11-07,204,11,7,2,0,0.64,52.28,40.48,9.73,0,0,1,0,0,0,0
2015-11-08,171,11,8,2,0,0.62,52.71,37.79,5.29,1,0,0,0,0,0,0
2015-11-09,70,11,9,2,0,0.62,52.71,39.46,3.67,1,0,0,0,0,0,0
2015-11-10,63,11,10,2,0,0.66,53.27,42.22,0.6,1,0,0,0,0,0,0
2015-11-11,58,11,11,2,1,0.65,61.33,43.38,13.41,0,0,0,0,1,0,0
2015-11-12,26,11,12,2,0,0.73,54.98,43.51,19.98,0,0,0,0,0,0,1
2015-11-13,38,11,13,2,0,0.55,46.67,37.41,15.32,0,0,0,0,0,0,1
2015-11-14,171,11,14,2,0,0.58,56.68,32.49,9.7,1,0,0,0,0,0,0
2015-11-15,244,11,15,2,0,0.49,64.44,46.59,10.24,0,0,0,1,0,0,0
2015-11-16,41,11,16,2,0,0.61,56.04,47.88,11.54,0,0,0,1,0,0,0
2015-11-17,12,11,17,2,0,0.82,59.24,47.71,17.47,0,0,0,0,1,0,0
2015-11-18,39,11,18,2,0,0.71,60.88,49.43,18.95,0,0,0,0,1,0,0
2015-11-19,21,11,19,2,0,0.54,48.58,38.37,16.09,0,0,0,0,0,0,1
2015-11-20,24,11,20,2,0,0.51,41.52,33.33,6.87,0,0,1,0,0,0,0
2015-11-22,7,11,22,2,0,0.76,27.66,15.14,8.98,0,0,0,0,0,0,1
2015-11-23,12,11,23,2,0,0.75,39.61,28.02,10.64,0,0,1,0,0,0,0
2015-11-24,28,11,24,2,0,0.8,44.12,29.96,6.34,1,0,0,0,0,0,0
2015-11-25,11,11,25,2,0,0.66,52.43,39.75,15.2,0,0,0,0,1,0,0
2015-11-26,22,11,26,2,1,0.81,60.54,49.91,18.53,0,0,0,0,1,0,0
2015-11-27,4,11,27,2,0,0.87,56.13,37.87,17.32,0,0,0,0,1,0,0
2015-11-28,41,11,28,2,0,0.75,38.37,36.13,14.87,0,0,0,1,0,0,0
2015-11-29,22,11,29,2,0,0.72,40.9,33.36,8.27,0,0,0,1,0,0,0
2015-11-30,18,11,30,2,0,0.71,45.25,38.8,13.07,0,0,0,0,1,0,0
2015-12-01,14,12,1,2,0,0.79,43.79,38.93,9.8,0,0,1,0,0,0,0
2015-12-02,7,12,2,2,0,0.83,38.63,32.44,7.95,0,1,0,0,0,0,0
2015-12-03,19,12,3,2,0,0.84,35.81,32.34,10.05,0,0,0,1,0,0,0
2015-12-04,18,12,4,2,0,0.86,46.86,33.27,8.93,0,1,0,0,0,0,0
2015-12-05,52,12,5,2,0,0.87,43.05,30.32,8.23,0,1,0,0,0,0,0
2015-12-06,51,12,6,2,0,0.81,47.07,33.49,4.66,1,0,0,0,0,0,0
2015-12-07,25,12,7,2,0,0.94,38.53,33.56,3.93,0,1,0,0,0,0,0
2015-12-08,23,12,8,2,0,0.84,47.78,39.17,11.28,0,0,1,0,0,0,0
2015-12-09,25,12,9,2,0,0.78,52.93,43.49,8.19,1,0,0,0,0,0,0
2015-12-10,32,12,10,2,0,0.67,57.7,43.07,16.43,0,0,0,0,0,0,1
2015-12-11,40,12,11,2,0,0.66,50.51,44.33,4.39,1,0,0,0,0,0,0
2015-12-12,71,12,12,2,0,0.92,53.0,48.66,1.63,0,1,0,0,0,0,0
2015-12-13,21,12,13,2,0,0.89,61.88,50.28,12.01,0,0,0,0,1,0,0
2015-12-14,16,12,14,2,0,0.83,59.73,43.47,13.12,0,0,0,0,1,0,0
2015-12-15,40,12,15,2,0,0.8,42.9,40.28,1.3,1,0,0,0,0,0,0
2015-12-16,15,12,16,2,0,0.79,51.83,36.63,11.75,0,0,0,0,0,0,1
2015-12-17,21,12,17,2,0,0.66,35.65,30.21,12.58,0,0,1,0,0,0,0
2015-12-18,15,12,18,2,0,0.62,32.57,26.41,12.14,0,0,0,0,0,0,1
2015-12-19,11,12,19,2,0,0.6,30.75,17.37,10.72,1,0,0,0,0,0,0
2015-12-20,41,12,20,2,0,0.57,49.38,28.29,18.98,0,0,0,0,1,0,0
2015-12-21,22,12,21,2,0,0.9,53.38,42.11,10.31,0,0,0,0,1,0,0
2015-12-22,28,12,22,2,0,0.89,41.81,36.9,5.71,0,1,0,0,0,0,0
2015-12-23,13,12,23,3,0,0.89,58.63,42.46,13.99,0,0,0,0,1,0,0
2015-12-24,15,12,24,3,0,0.72,42.4,35.98,10.3,0,0,1,0,0,0,0
2015-12-25,24,12,25,3,1,0.79,42.54,36.74,8.17,1,0,0,0,0,0,0
2015-12-26,7,12,26,3,0,0.86,43.21,40.41,9.84,0,0,0,0,1,0,0
2015-12-27,12,12,27,3,0,0.81,41.37,36.77,22.88,0,0,0,0,0,0,1
2015-12-28,1,12,28,3,0,0.85,39.7,32.53,24.56,0,0,0,0,0,1,0
2015-12-29,6,12,29,3,0,0.84,40.61,30.59,11.89,1,0,0,0,0,0,0
2015-12-30,11,12,30,3,0,0.79,30.43,28.03,7.82,0,0,1,0,0,0,0
2015-12-31,6,12,31,3,0,0.73,28.28,24.89,12.34,0,0,0,1,0,0,0
2016-01-01,11,1,1,3,1,0.73,30.75,20.14,13.63,0,0,1,0,0,0,0
2016-01-02,20,1,2,3,0,0.72,33.41,22.87,11.58,1,0,0,0,0,0,0
2016-01-03,8,1,3,3,0,0.7,31.23,25.3,11.87,1,0,0,0,0,0,0
2016-01-04,7,1,4,3,0,0.66,30.53,26.17,9.25,0,0,1,0,0,0,0
2016-01-05,13,1,5,3,0,0.72,33.59,20.7,11.6,1,0,0,0,0,0,0
2016-01-06,10,1,6,3,0,0.68,37.7,25.79,10.19,0,0,0,1,0,0,0
2016-01-07,13,1,7,3,0,0.62,40.09,34.85,7.37,0,0,1,0,0,0,0
2016-01-08,7,1,8,3,0,0.91,44.25,38.23,6.38,0,1,0,0,0,0,0
2016-01-09,6,1,9,3,0,0.94,43.23,29.06,7.78,0,0,0,0,0,1,0
2016-01-11,3,1,11,3,0,0.76,24.99,1.31,8.7,0,0,0,0,0,1,0
2016-01-13,4,1,13,3,0,0.74,27.46,2.69,10.08,1,0,0,0,0,0,0
2016-01-14,19,1,14,3,0,0.75,44.45,27.81,11.73,0,0,0,0,0,0,1
2016-01-15,13,1,15,3,0,0.85,43.16,31.88,9.53,0,0,1,0,0,0,0
2016-01-16,18,1,16,3,0,0.66,31.58,16.35,12.23,0,0,0,1,0,0,0
2016-01-17,2,1,17,3,0,0.58,13.45,0.85,15.19,0,0,1,0,0,0,0
2016-01-19,5,1,19,3,0,0.58,17.46,2.21,4.8,0,1,0,0,0,0,0
2016-01-20,3,1,20,3,0,0.76,22.76,15.22,3.81,0,0,1,0,0,0,0
2016-01-21,9,1,21,3,0,0.76,26.65,16.81,0.5,1,0,0,0,0,0,0
2016-01-22,5,1,22,3,0,0.73,30.68,23.31,11.8,0,0,0,1,0,0,0
2016-01-23,12,1,23,3,0,0.71,31.51,27.14,3.59,0,0,1,0,0,0,0
2016-01-24,20,1,24,3,0,0.72,34.39,24.94,7.4,1,0,0,0,0,0,0
2016-01-25,19,1,25,3,0,0.8,41.96,29.27,10.93,0,0,0,0,0,0,1
2016-01-26,14,1,26,3,0,0.76,38.74,27.01,16.05,0,0,0,0,0,0,1
2016-01-27,12,1,27,3,0,0.64,33.44,25.87,11.85,0,0,0,0,0,0,1
2016-01-28,18,1,28,3,0,0.71,39.8,30.64,10.74,1,0,0,0,0,0,0
2016-01-29,5,1,29,3,0,0.57,35.86,23.31,2.22,0,0,0,0,0,0,1
2016-01-30,91,1,30,3,0,0.73,46.7,36.74,9.93,0,0,0,1,0,0,0
2016-01-31,19,1,31,3,0,0.89,48.67,36.12,6.77,0,0,0,1,0,0,0
2016-02-01,27,2,1,3,0,0.84,40.08,32.79,2.64,1,0,0,0,0,0,0
2016-02-02,6,2,2,3,0,0.91,37.88,33.4,10.78,0,0,0,0,1,0,0
2016-02-03,5,2,3,3,0,0.85,38.54,29.43,12.34,0,0,1,0,0,0,0
2016-02-04,17,2,4,3,0,0.65,31.83,21.62,8.21,0,0,0,1,0,0,0
2016-02-05,15,2,5,3,0,0.75,31.33,28.45,2.79,0,0,0,1,0,0,0
2016-02-06,80,2,6,3,0,0.74,41.26,27.04,9.03,0,0,1,0,0,0,0
2016-02-07,40,2,7,3,0,0.67,43.81,35.54,12.38,0,0,1,0,0,0,0
2016-02-08,13,2,8,3,0,0.78,34.87,23.66,10.4,1,0,0,0,0,0,0
2016-02-09,5,2,9,3,0,0.73,22.62,15.92,12.98,0,0,0,1,0,0,0
2016-02-10,5,2,10,3,0,0.59,17.84,11.13,11.96,0,0,1,0,0,0,0
2016-02-11,14,2,11,3,0,0.56,20.62,9.98,5.85,1,0,0,0,0,0,0
2016-02-12,10,2,12,3,1,0.52,22.41,9.97,14.08,0,0,0,0,0,0,1
2016-02-13,5,2,13,3,0,0.44,17.18,4.76,8.49,1,0,0,0,0,0,0
2016-02-14,2,2,14,3,0,0.69,18.85,12.88,15.59,0,0,0,0,0,1,0
2016-02-15,4,2,15,3,1,0.88,28.97,18.48,4.87,1,0,0,0,0,0,0
2016-02-16,5,2,16,3,0,0.81,31.44,26.45,2.86,0,0,0,0,0,1,0
2016-02-17,6,2,17,3,0,0.72,30.31,26.5,6.93,0,0,0,1,0,0,0
2016-02-18,6,2,18,3,0,0.7,40.06,25.23,15.45,0,0,0,0,0,0,1
2016-02-19,69,2,19,3,0,0.57,61.44,40.84,20.57,0,0,0,0,0,0,1
2016-02-20,313,2,20,3,0,0.5,57.82,43.49,9.83,1,0,0,0,0,0,0
2016-02-21,22,2,21,3,0,0.78,41.73,33.44,10.88,0,0,1,0,0,0,0
2016-02-22,34,2,22,3,0,0.76,37.97,30.31,3.33,0,0,1,0,0,0,0
2016-02-23,14,2,23,3,0,0.73,38.5,31.04,7.07,1,0,0,0,0,0,0
2016-02-24,5,2,24,3,0,0.79,36.49,32.49,24.94,0,0,0,0,0,0,1
2016-02-25,15,2,25,3,0,0.66,34.38,31.8,16.51,0,0,0,1,0,0,0
2016-02-26,11,2,26,3,0,0.55,33.3,28.92,7.16,0,0,1,0,0,0,0
2016-02-27,227,2,27,3,0,0.63,52.99,29.22,14.33,0,0,0,0,0,0,1
2016-02-28,164,2,28,3,0,0.61,62.06,37.51,14.16,0,0,0,0,0,0,1
2016-02-29,37,2,29,3,0,0.65,51.24,29.61,5.57,0,0,0,0,0,0,1
2016-03-01,5,3,1,3,0,0.8,31.47,20.87,14.38,0,0,0,0,0,0,1
2016-03-02,13,3,2,3,0,0.5,31.55,16.34,4.02,0,0,0,1,0,0,0
2016-03-03,12,3,3,3,0,0.85,31.75,28.93,7.89,1,0,0,0,0,0,0
2016-03-04,25,3,4,3,0,0.62,34.84,26.24,2.04,0,0,0,0,0,1,0
2016-03-05,31,3,5,3,0,0.82,37.77,28.92,4.37,1,0,0,0,0,0,0
2016-03-06,102,3,6,3,0,0.68,50.35,34.77,13.74,0,0,0,0,0,0,1
2016-03-07,86,3,7,3,1,0.63,59.99,47.31,15.16,0,0,1,0,0,0,0
2016-03-08,194,3,8,3,0,0.66,69.25,58.09,15.57,0,0,1,0,0,0,0
2016-03-09,83,3,9,3,0,0.79,63.48,52.24,8.94,0,0,1,0,0,0,0
2016-03-10,56,3,10,3,0,0.8,47.52,39.32,7.26,0,0,1,0,0,0,0
2016-03-11,114,3,11,3,0,0.8,43.32,36.65,4.5,1,0,0,0,0,0,0
2016-03-12,93,3,12,3,0,0.83,47.31,37.09,2.21,1,0,0,0,0,0,0
2016-03-13,5,3,13,3,0,0.94,45.63,42.92,6.51,0,0,0,0,1,0,0
2016-03-14,123,3,14,3,0,0.93,45.69,41.35,0.38,0,0,0,0,1,0,0
2016-03-15,41,3,15,3,0,0.86,51.8,42.5,8.46,0,0,0,0,1,0,0
2016-03-16,68,3,16,3,0,0.59,55.53,48.97,20.05,0,0,0,0,0,0,1
2016-03-17,146,3,17,3,0,0.44,54.73,43.74,14.65,0,0,0,0,0,0,1
2016-03-18,88,3,18,3,0,0.66,46.24,35.77,5.62,0,0,1,0,0,0,0
2016-03-19,81,3,19,3,0,0.75,40.9,35.37,9.07,0,0,1,0,0,0,0
2016-03-20,83,3,20,3,0,0.67,39.1,33.41,8.21,0,0,1,0,0,0,0
2016-03-21,108,3,21,0,0,0.6,44.01,33.38,1.07,0,0,0,0,0,0,1
2016-03-22,158,3,22,0,0,0.49,64.26,44.5,13.25,0,0,0,0,0,0,1
2016-03-23,46,3,23,0,0,0.86,49.83,38.59,14.02,1,0,0,0,0,0,0
2016-03-24,4,3,24,0,0,0.93,41.03,31.75,14.35,0,0,0,0,1,0,0
2016-03-25,107,3,25,0,0,0.73,38.89,31.41,2.86,0,0,0,1,0,0,0
2016-03-26,269,3,26,0,0,0.76,45.25,35.61,6.93,1,0,0,0,0,0,0
2016-03-27,165,3,27,0,0,0.74,60.46,41.92,2.87,0,0,0,0,1,0,0
2016-03-28,47,3,28,0,0,0.74,45.17,39.11,5.98,0,0,1,0,0,0,0
2016-03-29,122,3,29,0,0,0.67,49.27,36.38,5.33,1,0,0,0,0,0,0
2016-03-30,98,3,30,0,0,0.66,58.97,44.12,15.38,0,0,0,0,0,0,1
2016-03-31,77,3,31,0,0,0.79,64.93,44.67,13.55,0,0,0,0,1,0,0
2016-04-01,42,4,1,0,0,0.76,47.7,39.3,2.97,0,0,0,1,0,0,0
2016-04-02,27,4,2,0,0,0.61,38.99,32.02,14.26,0,0,0,0,0,0,1
2016-04-03,195,4,3,0,0,0.46,70.66,30.35,12.29,0,0,0,0,0,0,1
2016-04-04,7,4,4,0,0,0.7,39.85,31.24,18.88,0,0,0,0,0,0,1
2016-04-05,46,4,5,0,0,0.54,43.99,30.55,9.01,0,0,0,0,0,0,1
2016-04-06,16,4,6,0,0,0.78,49.64,43.11,8.3,1,0,0,0,0,0,0
2016-04-07,17,4,7,0,0,0.74,44.68,36.72,12.76,1,0,0,0,0,0,0
2016-04-08,25,4,8,0,0,0.69,39.43,30.46,10.62,0,0,0,0,0,0,1
2016-04-09,47,4,9,0,0,0.53,33.61,24.75,7.03,0,0,0,0,0,0,1
2016-04-10,14,4,10,0,0,0.74,50.88,33.48,14.82,0,0,0,0,0,0,1
2016-04-11,87,4,11,0,0,0.66,50.9,39.92,8.74,0,0,1,0,0,0,0
2016-04-12,60,4,12,0,0,0.55,40.49,35.27,5.11,1,0,0,0,0,0,0
2016-04-13,57,4,13,0,0,0.61,47.19,37.62,6.87,0,0,1,0,0,0,0
2016-04-14,121,4,14,0,0,0.53,51.91,40.64,5.84,1,0,0,0,0,0,0
2016-04-15,193,4,15,0,0,0.56,54.35,42.8,5.23,1,0,0,0,0,0,0
2016-04-16,350,4,16,0,0,0.56,60.17,46.51,4.94,1,0,0,0,0,0,0
2016-04-17,600,4,17,0,0,0.5,64.44,50.25,3.71,1,0,0,0,0,0,0
2016-04-18,299,4,18,0,0,0.48,67.32,52.35,2.55,0,0,0,0,0,0,1
2016-04-19,75,4,19,0,0,0.74,52.54,44.3,13.75,0,0,1,0,0,0,0
2016-04-20,109,4,20,0,0,0.6,62.81,49.1,6.1,0,0,0,0,1,0,0
2016-04-21,108,4,21,0,0,0.81,61.71,54.04,3.55,0,0,1,0,0,0,0
2016-04-22,53,4,22,0,0,0.84,55.97,41.86,14.63,0,0,0,0,0,0,1
2016-04-23,380,4,23,0,0,0.76,51.19,41.01,6.74,0,0,1,0,0,0,0
2016-04-24,532,4,24,0,0,0.65,68.35,44.89,6.4,0,0,1,0,0,0,0
2016-04-25,218,4,25,0,0,0.56,81.01,58.93,12.53,0,0,0,0,0,0,1
2016-04-26,31,4,26,0,0,0.87,72.07,41.89,16.89,0,0,0,0,0,0,1
2016-04-27,14,4,27,0,0,0.85,48.26,42.35,16.11,0,0,0,0,1,0,0
2016-04-28,53,4,28,0,0,0.88,47.46,43.99,10.99,0,0,0,0,0,0,1
2016-04-29,77,4,29,0,0,0.86,45.04,42.23,9.38,0,0,1,0,0,0,0
2016-04-30,7,4,30,0,0,0.89,46.91,43.12,14.61,0,0,0,0,1,0,0
2016-05-01,49,5,1,0,0,0.95,46.61,43.51,13.21,0,0,0,0,1,0,0
2016-05-02,115,5,2,0,0,0.72,50.41,43.95,11.39,0,0,0,1,0,0,0
2016-05-03,186,5,3,0,0,0.55,65.09,44.25,5.7,0,0,0,0,1,0,0
2016-05-04,58,5,4,0,0,0.75,59.97,43.2,15.36,0,0,0,0,1,0,0
2016-05-05,87,5,5,0,0,0.71,51.15,41.3,13.59,0,0,0,0,0,0,1
2016-05-06,329,5,6,0,0,0.53,81.2,47.01,6.68,0,0,1,0,0,0,0
2016-05-07,195,5,7,0,0,0.5,71.12,50.67,11.46,0,0,0,0,0,0,1
2016-05-08,551,5,8,0,0,0.53,62.08,45.33,3.0,1,0,0,0,0,0,0
2016-05-09,77,5,9,0,0,0.8,53.89,49.23,9.95,0,0,0,0,1,0,0
2016-05-10,36,5,10,0,0,0.94,58.55,50.38,8.51,0,0,0,0,1,0,0
2016-05-11,130,5,11,0,0,0.93,59.37,51.37,3.95,0,0,0,0,1,0,0
2016-05-12,203,5,12,0,0,0.81,68.1,52.84,6.67,0,0,1,0,0,0,0
2016-05-13,277,5,13,0,0,0.68,65.02,50.05,8.22,0,0,0,0,1,0,0
2016-05-14,147,5,14,0,0,0.65,46.77,42.8,13.7,0,0,0,0,0,0,1
2016-05-15,269,5,15,0,0,0.53,52.51,40.15,3.51,0,0,0,0,0,0,1
2016-05-16,342,5,16,0,0,0.49,67.26,47.13,12.22,0,0,1,0,0,0,0
2016-05-17,103,5,17,0,0,0.7,57.71,47.1,9.86,0,0,1,0,0,0,0
2016-05-18,164,5,18,0,0,0.67,54.93,45.69,7.65,0,0,1,0,0,0,0
2016-05-19,297,5,19,0,0,0.55,60.61,46.15,2.69,1,0,0,0,0,0,0
2016-05-20,234,5,20,0,0,0.61,59.52,51.83,5.05,1,0,0,0,0,0,0
2016-05-21,724,5,21,0,0,0.49,65.87,53.68,7.94,1,0,0,0,0,0,0
2016-05-22,538,5,22,0,0,0.55,64.85,53.87,4.41,1,0,0,0,0,0,0
2016-05-23,376,5,23,0,0,0.49,71.38,53.69,6.22,1,0,0,0,0,0,0
2016-05-24,379,5,24,0,0,0.43,85.42,64.16,10.53,1,0,0,0,0,0,0
2016-05-25,195,5,25,0,0,0.71,75.73,62.91,4.88,0,0,0,0,1,0,0
2016-05-26,334,5,26,0,0,0.75,82.43,61.24,7.25,0,0,1,0,0,0,0
2016-05-27,268,5,27,0,0,0.8,76.63,68.11,10.63,0,0,1,0,0,0,0
2016-05-28,729,5,28,0,0,0.73,80.2,65.76,14.57,0,0,0,0,0,0,1
2016-05-29,1070,5,29,0,0,0.64,78.23,65.32,9.53,0,0,1,0,0,0,0
2016-05-30,809,5,30,0,1,0.63,75.8,65.51,0.82,0,0,1,0,0,0,0
2016-05-31,217,5,31,0,0,0.74,72.81,62.18,3.5,0,0,0,0,1,0,0
2016-06-01,209,6,1,0,0,0.8,72.44,62.1,1.48,0,0,0,0,1,0,0
2016-06-02,396,6,2,0,0,0.6,75.93,62.17,3.02,1,0,0,0,0,0,0
2016-06-03,436,6,3,0,0,0.64,73.3,58.68,3.22,1,0,0,0,0,0,0
2016-06-04,431,6,4,0,0,0.77,72.39,66.25,8.29,0,0,0,0,1,0,0
2016-06-05,645,6,5,0,0,0.68,78.04,63.5,9.36,0,0,1,0,0,0,0
2016-06-06,459,6,6,0,0,0.59,80.46,62.26,8.44,0,0,0,0,0,0,1
2016-06-07,274,6,7,0,0,0.71,62.04,56.38,7.31,0,0,1,0,0,0,0
2016-06-08,350,6,8,0,0,0.7,62.07,54.77,3.49,1,0,0,0,0,0,0
2016-06-09,129,6,9,0,0,0.74,68.8,56.87,5.02,0,0,1,0,0,0,0
2016-06-10,504,6,10,0,0,0.65,90.88,63.26,5.87,0,0,1,0,0,0,0
2016-06-11,873,6,11,0,0,0.56,89.59,69.65,6.54,1,0,0,0,0,0,0
2016-06-12,779,6,12,0,0,0.55,81.04,60.12,12.6,1,0,0,0,0,0,0
2016-06-13,382,6,13,0,0,0.61,74.98,58.15,3.32,0,0,1,0,0,0,0
2016-06-14,264,6,14,0,0,0.71,75.49,65.12,5.07,0,0,0,0,1,0,0
2016-06-15,323,6,15,0,0,0.74,83.86,68.76,5.33,0,0,1,0,0,0,0
2016-06-16,273,6,16,0,0,0.76,81.79,63.6,10.29,0,0,0,0,0,0,1
2016-06-17,460,6,17,0,0,0.7,72.79,61.9,8.61,1,0,0,0,0,0,0
2016-06-18,835,6,18,0,0,0.62,77.16,62.47,3.39,1,0,0,0,0,0,0
2016-06-19,671,6,19,0,0,0.54,88.2,67.49,7.0,1,0,0,0,0,0,0
2016-06-20,363,6,20,0,0,0.62,90.04,73.07,9.5,0,0,0,0,0,0,1
2016-06-21,407,6,21,1,0,0.52,76.53,67.28,2.6,1,0,0,0,0,0,0
2016-06-22,157,6,22,1,0,0.78,73.92,67.91,3.39,0,0,0,0,1,0,0
2016-06-23,357,6,23,1,0,0.87,70.81,65.68,7.86,0,1,0,0,0,0,0
2016-06-24,565,6,24,1,0,0.71,75.52,65.95,5.61,1,0,0,0,0,0,0
2016-06-25,815,6,25,1,0,0.66,86.04,68.29,8.66,0,0,1,0,0,0,0
2016-06-26,525,6,26,1,0,0.71,82.12,74.54,4.05,0,0,1,0,0,0,0
2016-06-27,408,6,27,1,0,0.59,88.28,70.02,5.71,1,0,0,0,0,0,0
2016-06-28,289,6,28,1,0,0.67,70.14,62.95,11.99,0,0,0,0,0,0,1
2016-06-29,354,6,29,1,0,0.59,72.5,59.55,2.3,1,0,0,0,0,0,0
2016-06-30,302,6,30,1,0,0.55,76.43,64.13,7.94,0,0,1,0,0,0,0
2016-07-01,501,7,1,1,0,0.68,71.29,64.12,10.18,0,0,0,0,0,0,1
2016-07-02,836,7,2,1,0,0.57,71.93,60.64,3.66,1,0,0,0,0,0,0
2016-07-03,932,7,3,1,0,0.65,72.34,61.94,5.68,1,0,0,0,0,0,0
2016-07-04,781,7,4,1,1,0.78,73.8,65.3,4.22,0,0,0,1,0,0,0
2016-07-05,405,7,5,1,0,0.72,83.63,69.19,5.11,0,0,1,0,0,0,0
2016-07-06,401,7,6,1,0,0.76,84.63,68.75,6.21,0,0,0,0,1,0,0
2016-07-07,408,7,7,1,0,0.82,79.14,71.31,2.46,0,0,0,0,1,0,0
2016-07-08,574,7,8,1,0,0.7,85.76,69.77,8.39,0,0,0,0,0,0,1
2016-07-09,989,7,9,1,0,0.68,73.15,67.18,9.26,0,0,1,0,0,0,0
2016-07-10,927,7,10,1,0,0.67,77.15,64.86,2.42,0,0,1,0,0,0,0
2016-07-11,541,7,11,1,0,0.68,87.96,72.27,12.81,0,0,0,0,0,0,1
2016-07-12,407,7,12,1,0,0.7,87.8,75.29,12.51,0,0,0,0,0,0,1
2016-07-13,231,7,13,1,0,0.79,84.08,71.64,8.31,0,0,0,0,1,0,0
2016-07-14,466,7,14,1,0,0.67,86.05,69.02,11.9,0,0,0,0,0,0,1
2016-07-15,434,7,15,1,0,0.71,74.95,65.07,6.65,0,0,1,0,0,0,0
2016-07-16,1086,7,16,1,0,0.66,73.08,63.02,3.52,0,0,1,0,0,0,0
2016-07-17,657,7,17,1,0,0.73,83.01,66.73,11.42,0,0,0,0,1,0,0
2016-07-18,563,7,18,1,0,0.76,78.53,70.81,1.12,1,0,0,0,0,0,0
2016-07-19,528,7,19,1,0,0.73,79.54,70.61,2.21,0,0,0,1,0,0,0
2016-07-20,443,7,20,1,0,0.71,85.02,71.98,5.0,1,0,0,0,0,0,0
2016-07-21,405,7,21,1,0,0.82,86.92,73.15,5.74,0,0,0,0,1,0,0
2016-07-22,455,7,22,1,0,0.77,85.21,71.55,3.18,1,0,0,0,0,0,0
2016-07-23,405,7,23,1,0,0.82,84.46,71.44,0.43,0,0,0,0,1,0,0
2016-07-24,226,7,24,1,0,0.81,89.88,70.49,10.77,0,0,0,0,1,0,0
2016-07-25,487,7,25,1,0,0.68,80.11,74.12,1.26,0,0,1,0,0,0,0
2016-07-26,447,7,26,1,0,0.68,81.13,70.51,2.32,0,0,1,0,0,0,0
2016-07-27,432,7,27,1,0,0.68,82.56,70.99,1.92,0,0,1,0,0,0,0
2016-07-28,372,7,28,1,0,0.82,79.15,72.7,2.66,0,0,0,0,1,0,0
2016-07-29,374,7,29,1,0,0.87,77.0,70.67,6.12,0,0,0,0,1,0,0
2016-07-30,956,7,30,1,0,0.81,74.26,69.28,9.15,0,0,1,0,0,0,0
2016-07-31,867,7,31,1,0,0.79,75.99,67.86,5.17,0,0,1,0,0,0,0
2016-08-01,620,8,1,1,0,0.79,77.89,69.78,6.09,0,0,1,0,0,0,0
2016-08-02,543,8,2,1,0,0.73,80.4,71.45,4.27,0,0,1,0,0,0,0
2016-08-03,406,8,3,1,0,0.7,83.56,72.39,3.76,0,0,1,0,0,0,0
2016-08-04,429,8,4,1,0,0.67,85.64,73.95,4.83,1,0,0,0,0,0,0
2016-08-05,522,8,5,1,0,0.76,80.43,73.99,1.93,0,0,1,0,0,0,0
2016-08-06,1086,8,6,1,0,0.68,77.93,69.35,6.27,0,0,1,0,0,0,0
2016-08-07,841,8,7,1,0,0.67,78.7,68.0,4.81,1,0,0,0,0,0,0
2016-08-08,561,8,8,1,0,0.65,79.4,72.75,9.44,0,0,1,0,0,0,0
2016-08-09,500,8,9,1,0,0.64,81.92,71.0,4.72,0,0,1,0,0,0,0
2016-08-10,468,8,10,1,0,0.7,83.27,73.91,2.31,1,0,0,0,0,0,0
2016-08-11,374,8,11,1,0,0.71,90.55,76.92,9.23,0,0,0,0,0,0,1
2016-08-12,194,8,12,1,0,0.87,83.91,74.42,3.96,0,0,0,0,1,0,0
2016-08-13,895,8,13,1,0,0.84,81.58,74.38,3.56,0,0,1,0,0,0,0
2016-08-14,783,8,14,1,0,0.73,79.48,70.66,0.68,0,0,1,0,0,0,0
2016-08-15,248,8,15,1,0,0.87,74.94,70.8,6.92,0,0,1,0,0,0,0
2016-08-16,409,8,16,1,0,0.8,79.28,71.49,1.68,0,0,1,0,0,0,0
2016-08-17,276,8,17,1,0,0.73,83.88,71.49,4.11,0,0,1,0,0,0,0
2016-08-18,339,8,18,1,0,0.81,83.78,71.2,6.66,0,0,0,0,1,0,0
2016-08-19,564,8,19,1,0,0.77,82.5,70.65,6.33,1,0,0,0,0,0,0
2016-08-20,479,8,20,1,0,0.82,78.68,67.98,7.66,0,0,0,0,1,0,0
2016-08-21,731,8,21,1,0,0.67,73.66,61.3,9.39,0,0,1,0,0,0,0
2016-08-22,498,8,22,1,0,0.62,77.18,61.16,4.09,1,0,0,0,0,0,0
2016-08-23,488,8,23,1,0,0.66,79.31,65.04,10.06,0,0,1,0,0,0,0
2016-08-24,215,8,24,1,0,0.79,83.23,71.75,10.22,0,0,0,0,1,0,0
2016-08-25,302,8,25,1,0,0.83,77.11,71.34,2.78,0,0,1,0,0,0,0
2016-08-26,614,8,26,1,0,0.78,75.26,67.59,5.47,0,0,0,1,0,0,0
2016-08-27,679,8,27,1,0,0.83,83.42,69.37,4.03,0,0,0,0,1,0,0
2016-08-28,780,8,28,1,0,0.86,77.59,71.79,3.63,0,0,1,0,0,0,0
2016-08-29,407,8,29,1,0,0.86,80.58,71.37,4.08,1,0,0,0,0,0,0
2016-08-30,239,8,30,1,0,0.86,81.33,72.78,1.03,0,0,1,0,0,0,0
2016-08-31,287,8,31,1,0,0.75,73.41,69.69,12.25,0,0,0,0,0,0,1
2016-09-01,276,9,1,1,0,0.71,70.57,67.34,13.13,0,0,0,0,0,0,1
2016-09-02,463,9,2,1,0,0.69,71.55,64.64,9.94,0,0,1,0,0,0,0
2016-09-03,1014,9,3,1,0,0.7,72.41,62.98,6.7,1,0,0,0,0,0,0
2016-09-04,1227,9,4,1,0,0.7,76.42,63.57,6.57,1,0,0,0,0,0,0
2016-09-05,972,9,5,1,1,0.71,86.83,68.28,10.36,0,0,1,0,0,0,0
2016-09-06,360,9,6,1,0,0.74,90.41,75.82,10.87,0,0,0,0,0,0,1
2016-09-07,234,9,7,1,0,0.74,89.01,77.74,10.16,0,0,0,0,1,0,0
2016-09-08,223,9,8,1,0,0.85,80.96,72.14,7.37,0,0,1,0,0,0,0
2016-09-09,276,9,9,1,0,0.84,78.35,69.29,2.34,0,0,0,1,0,0,0
2016-09-10,566,9,10,1,0,0.77,71.85,64.75,8.48,0,0,1,0,0,0,0
2016-09-11,703,9,11,1,0,0.65,73.85,59.0,3.32,0,0,1,0,0,0,0
2016-09-12,360,9,12,1,0,0.62,78.32,61.33,9.53,1,0,0,0,0,0,0
2016-09-13,318,9,13,1,0,0.69,83.33,66.07,3.85,0,0,0,1,0,0,0
2016-09-14,282,9,14,1,0,0.73,71.37,66.07,9.59,1,0,0,0,0,0,0
2016-09-15,329,9,15,1,0,0.72,73.89,64.55,9.08,1,0,0,0,0,0,0
2016-09-16,385,9,16,1,0,0.71,81.07,65.9,11.48,0,0,0,0,0,0,1
2016-09-17,800,9,17,1,0,0.72,80.65,67.8,7.04,0,0,1,0,0,0,0
2016-09-18,763,9,18,1,0,0.71,73.99,62.99,0.92,1,0,0,0,0,0,0
2016-09-19,508,9,19,1,0,0.57,86.34,64.57,8.78,1,0,0,0,0,0,0
2016-09-20,373,9,20,1,0,0.68,77.28,68.35,4.46,1,0,0,0,0,0,0
2016-09-21,172,9,21,1,0,0.79,76.12,67.91,2.05,0,0,0,0,1,0,0
2016-09-22,337,9,22,1,0,0.75,80.43,67.88,3.12,0,0,0,1,0,0,0
2016-09-23,383,9,23,2,0,0.88,71.78,68.69,8.63,0,0,0,1,0,0,0
2016-09-24,845,9,24,2,0,0.84,71.06,66.02,8.61,0,0,1,0,0,0,0
2016-09-25,731,9,25,2,0,0.73,80.3,64.45,7.71,0,0,0,0,1,0,0
2016-09-26,287,9,26,2,0,0.5,69.29,60.44,13.07,0,0,0,0,0,0,1
2016-09-27,170,9,27,2,0,0.46,68.72,54.9,9.93,0,0,0,0,0,0,1
2016-09-28,42,9,28,2,0,0.8,60.95,52.31,12.77,0,0,0,0,1,0,0
2016-09-29,52,9,29,2,0,0.85,64.33,61.17,17.13,0,0,0,0,1,0,0
2016-09-30,117,9,30,2,0,0.9,63.54,60.58,14.24,0,0,0,1,0,0,0
2016-10-01,145,10,1,2,0,0.92,63.01,58.54,5.04,0,0,0,0,1,0,0
2016-10-02,368,10,2,2,0,0.91,63.17,58.3,5.55,1,0,0,0,0,0,0
2016-10-03,206,10,3,2,0,0.86,64.24,60.04,1.91,0,0,1,0,0,0,0
2016-10-04,222,10,4,2,0,0.77,70.08,61.42,7.42,0,0,1,0,0,0,0
2016-10-05,247,10,5,2,0,0.68,79.88,63.61,8.61,0,0,1,0,0,0,0
2016-10-06,74,10,6,2,0,0.89,70.77,62.73,4.68,0,0,0,0,1,0,0
2016-10-07,371,10,7,2,0,0.71,70.8,52.91,7.56,0,0,1,0,0,0,0
2016-10-08,599,10,8,2,0,0.62,59.55,46.02,2.62,1,0,0,0,0,0,0
2016-10-09,348,10,9,2,0,0.71,60.93,51.02,7.97,1,0,0,0,0,0,0
2016-10-10,478,10,10,2,1,0.67,66.02,51.74,8.13,0,0,0,1,0,0,0
2016-10-11,352,10,11,2,0,0.62,72.62,59.45,9.89,0,0,1,0,0,0,0
2016-10-12,48,10,12,2,0,0.8,67.45,49.01,8.46,0,0,0,0,1,0,0
2016-10-13,212,10,13,2,0,0.69,54.22,43.4,3.39,1,0,0,0,0,0,0
2016-10-14,335,10,14,2,0,0.68,65.66,45.3,7.97,1,0,0,0,0,0,0
2016-10-15,486,10,15,2,0,0.84,70.09,54.42,14.31,0,0,0,0,0,0,1
2016-10-16,299,10,16,2,0,0.88,69.63,64.89,7.88,0,0,0,0,1,0,0
2016-10-17,335,10,17,2,0,0.74,81.75,65.87,18.51,0,0,0,0,0,0,1
2016-10-18,232,10,18,2,0,0.71,75.7,59.8,8.61,0,0,0,0,0,0,1
2016-10-19,162,10,19,2,0,0.73,65.24,55.41,2.84,0,0,0,1,0,0,0
2016-10-20,90,10,20,2,0,0.79,58.79,50.14,15.72,0,0,0,0,0,0,1
2016-10-21,110,10,21,2,0,0.65,51.58,44.94,13.39,0,0,1,0,0,0,0
2016-10-22,317,10,22,2,0,0.61,59.54,42.09,5.97,0,0,1,0,0,0,0
2016-10-23,528,10,23,2,0,0.67,72.11,48.38,8.03,0,0,0,0,0,0,1
2016-10-24,160,10,24,2,0,0.7,55.55,48.33,9.36,1,0,0,0,0,0,0
2016-10-25,82,10,25,2,0,0.7,52.42,45.6,9.0,0,0,1,0,0,0,0
2016-10-26,10,10,26,2,0,0.85,51.32,47.01,16.11,0,0,0,0,1,0,0
2016-10-27,92,10,27,2,0,0.8,50.7,45.84,7.07,0,0,0,1,0,0,0
2016-10-28,217,10,28,2,0,0.82,63.86,43.07,12.38,0,0,0,0,0,0,1
2016-10-29,474,10,29,2,0,0.79,70.56,56.82,5.91,0,0,1,0,0,0,0
2016-10-30,181,10,30,2,0,0.8,56.46,48.61,12.41,1,0,0,0,0,0,0
2016-10-31,187,10,31,2,0,0.77,59.5,45.08,10.7,0,0,0,0,0,0,1
2016-11-01,239,11,1,2,0,0.72,75.15,60.34,10.15,0,0,0,1,0,0,0
2016-11-02,48,11,2,2,0,0.88,65.13,56.01,2.15,0,0,0,0,1,0,0
2016-11-03,203,11,3,2,0,0.86,58.14,51.13,5.33,0,0,0,1,0,0,0
2016-11-04,252,11,4,2,0,0.72,57.95,49.11,3.27,1,0,0,0,0,0,0
2016-11-05,555,11,5,2,0,0.71,67.42,48.7,7.77,1,0,0,0,0,0,0
2016-11-06,546,11,6,2,0,0.72,68.13,49.48,5.82,1,0,0,0,0,0,0
2016-11-07,196,11,7,2,0,0.69,64.84,50.16,6.17,0,0,0,1,0,0,0
2016-11-08,78,11,8,2,1,0.71,60.98,51.18,6.98,0,0,0,0,0,0,1
2016-11-09,71,11,9,2,0,0.64,55.42,44.81,7.07,1,0,0,0,0,0,0
2016-11-10,109,11,10,2,0,0.55,63.19,44.43,11.26,1,0,0,0,0,0,0
2016-11-11,65,11,11,2,1,0.63,52.0,45.16,13.65,0,0,0,0,0,0,1
2016-11-12,296,11,12,2,0,0.65,52.2,37.41,5.03,1,0,0,0,0,0,0
2016-11-13,254,11,13,2,0,0.58,56.01,38.31,11.22,1,0,0,0,0,0,0
2016-11-14,87,11,14,2,0,0.68,59.85,42.1,7.73,1,0,0,0,0,0,0
2016-11-15,81,11,15,2,0,0.87,52.78,43.48,2.24,0,0,0,1,0,0,0
2016-11-16,98,11,16,2,0,0.84,55.07,43.5,0.85,1,0,0,0,0,0,0
2016-11-17,133,11,17,2,0,0.65,71.84,49.61,14.97,0,0,0,0,0,0,1
2016-11-18,48,11,18,2,0,0.65,65.11,40.78,15.83,0,0,0,0,1,0,0
2016-11-19,29,11,19,2,0,0.59,40.19,31.34,18.34,0,0,0,0,0,0,1
2016-11-20,24,11,20,2,0,0.61,34.62,26.13,9.6,1,0,0,0,0,0,0
2016-11-21,39,11,21,2,0,0.65,38.35,28.31,6.12,1,0,0,0,0,0,0
2016-11-22,31,11,22,2,0,0.72,39.71,33.97,9.69,1,0,0,0,0,0,0
2016-11-23,17,11,23,2,0,0.91,44.94,38.49,9.83,0,0,0,0,1,0,0
2016-11-24,40,11,24,2,1,0.84,44.46,36.76,8.58,1,0,0,0,0,0,0
2016-11-25,44,11,25,2,0,0.81,41.31,36.66,8.67,0,0,1,0,0,0,0
2016-11-26,118,11,26,2,0,0.79,45.51,35.35,8.26,0,0,1,0,0,0,0
2016-11-27,45,11,27,2,0,0.87,44.31,35.54,11.39,0,0,0,0,1,0,0
2016-11-28,15,11,28,2,0,0.89,51.58,42.01,17.57,0,0,0,0,1,0,0
2016-11-29,87,11,29,2,0,0.77,56.72,45.57,13.85,1,0,0,0,0,0,0
2016-11-30,35,11,30,2,0,0.79,46.14,36.86,9.85,0,0,1,0,0,0,0
2016-12-01,23,12,1,2,0,0.8,40.63,36.86,12.38,1,0,0,0,0,0,0
2016-12-02,33,12,2,2,0,0.73,39.42,35.59,8.82,0,0,0,1,0,0,0
2016-12-03,65,12,3,2,0,0.69,35.29,32.39,5.12,0,0,1,0,0,0,0
2016-12-04,4,12,4,2,0,0.87,34.75,32.37,3.08,0,0,0,0,0,1,0
2016-12-05,19,12,5,2,0,0.93,35.71,32.51,7.25,1,0,0,0,0,0,0
2016-12-06,22,12,6,2,0,0.84,39.54,28.61,4.69,0,0,1,0,0,0,0
2016-12-07,17,12,7,2,0,0.7,29.53,23.82,14.24,1,0,0,0,0,0,0
2016-12-08,17,12,8,2,0,0.71,24.73,18.19,16.8,0,0,0,0,0,0,1
2016-12-09,21,12,9,2,0,0.72,25.83,20.43,9.58,0,0,1,0,0,0,0
2016-12-10,14,12,10,2,0,0.76,24.62,19.73,6.65,0,0,0,0,0,1,0
2016-12-11,3,12,11,2,0,0.91,33.39,24.1,10.06,0,0,0,0,0,1,0
2016-12-12,6,12,12,2,0,0.82,33.37,16.32,10.34,0,0,1,0,0,0,0
2016-12-13,4,12,13,2,0,0.68,22.9,7.65,8.53,1,0,0,0,0,0,0
2016-12-14,3,12,14,2,0,0.61,20.44,6.4,14.67,0,0,0,0,0,0,1
2016-12-15,2,12,15,2,0,0.63,11.3,1.04,12.21,1,0,0,0,0,0,0
2016-12-16,5,12,16,2,0,0.7,21.6,9.65,10.19,0,0,0,0,0,1,0
2016-12-17,2,12,17,2,0,0.86,24.55,20.43,6.98,0,0,0,0,0,0,1
2016-12-18,2,12,18,2,0,0.71,20.05,-2.51,12.83,1,0,0,0,0,0,0
2016-12-19,1,12,19,2,0,0.66,14.8,-5.14,12.62,1,0,0,0,0,0,0
2016-12-20,5,12,20,2,0,0.61,29.04,15.76,15.39,0,0,0,0,0,0,1
2016-12-21,8,12,21,2,0,0.73,36.49,23.52,9.75,0,0,0,1,0,0,0
2016-12-22,18,12,22,2,0,0.73,38.84,28.46,8.41,0,0,0,1,0,0,0
2016-12-23,13,12,23,3,0,0.85,36.37,29.38,8.29,0,1,0,0,0,0,0
2016-12-24,7,12,24,3,0,0.88,36.12,33.8,1.83,1,0,0,0,0,0,0
2016-12-25,2,12,25,3,1,0.93,36.93,32.7,13.01,0,0,0,0,0,0,1
2016-12-26,31,12,26,3,1,0.75,53.21,30.46,14.98,0,0,0,0,1,0,0
2016-12-27,36,12,27,3,0,0.73,29.92,26.21,12.53,0,0,1,0,0,0,0
2016-12-28,41,12,28,3,0,0.72,43.52,25.43,10.61,0,0,0,0,0,0,1
2016-12-29,28,12,29,3,0,0.68,35.71,31.6,17.08,0,0,0,0,0,0,1
2016-12-30,24,12,30,3,0,0.62,32.78,25.81,10.3,1,0,0,0,0,0,0
2016-12-31,40,12,31,3,0,0.72,38.73,19.54,3.23,0,0,1,0,0,0,0
2017-01-01,30,1,1,3,1,0.7,38.73,19.54,2.84,0,0,0,1,0,0,0
2017-01-02,11,1,2,3,1,0.89,38.31,31.56,5.38,0,1,0,0,0,0,0
2017-01-03,24,1,3,3,0,0.93,39.2,24.28,8.19,0,0,0,0,0,0,1
2017-01-04,7,1,4,3,0,0.63,21.56,10.85,16.7,0,0,0,1,0,0,0
2017-01-05,7,1,5,3,0,0.61,12.74,6.34,12.3,0,0,1,0,0,0,0
2017-01-06,5,1,6,3,0,0.6,8.67,1.65,9.51,0,0,1,0,0,0,0
2017-01-07,2,1,7,3,0,0.57,17.82,3.27,10.66,1,0,0,0,0,0,0
2017-01-08,6,1,8,3,0,0.54,17.91,4.94,6.39,0,0,0,0,0,0,1
2017-01-09,13,1,9,3,0,0.69,32.46,19.33,12.55,0,0,0,0,0,0,1
2017-01-10,5,1,10,3,0,0.79,49.84,27.17,19.56,0,0,0,0,1,0,0
2017-01-11,11,1,11,3,0,0.87,43.69,26.82,3.92,0,0,0,0,1,0,0
2017-01-12,4,1,12,3,0,0.84,29.25,22.27,10.24,0,0,0,0,0,1,0
2017-01-13,14,1,13,3,0,0.7,27.58,19.36,8.48,0,0,1,0,0,0,0
2017-01-14,20,1,14,3,0,0.72,31.9,27.46,1.28,1,0,0,0,0,0,0
2017-01-15,25,1,15,3,0,0.77,33.28,23.89,1.91,0,0,1,0,0,0,0
2017-01-16,1,1,16,3,1,0.92,37.07,31.4,5.41,0,0,0,0,1,0,0
2017-01-17,15,1,17,3,0,0.97,40.8,35.55,8.25,0,1,0,0,0,0,0
2017-01-18,17,1,18,3,0,0.92,37.16,34.05,9.89,0,0,0,1,0,0,0
2017-01-19,21,1,19,3,0,0.94,37.61,33.93,4.99,0,0,0,0,1,0,0
2017-01-20,18,1,20,3,0,0.98,41.33,36.36,4.2,0,1,0,0,0,0,0
2017-01-21,260,1,21,3,0,0.86,58.97,42.67,7.74,0,1,0,0,0,0,0
2017-01-22,50,1,22,3,0,0.95,40.63,37.61,5.42,0,0,1,0,0,0,0
2017-01-23,27,1,23,3,0,0.9,40.05,37.1,9.9,0,0,0,1,0,0,0
2017-01-24,27,1,24,3,0,0.86,38.58,35.02,1.96,0,0,0,1,0,0,0
2017-01-25,15,1,25,3,0,0.9,42.05,34.78,4.55,0,0,1,0,0,0,0
2017-01-26,14,1,26,3,0,0.82,34.79,31.18,12.74,1,0,0,0,0,0,0
2017-01-27,13,1,27,3,0,0.74,31.1,25.74,13.45,0,0,0,1,0,0,0
2017-01-28,7,1,28,3,0,0.76,29.18,25.21,11.33,1,0,0,0,0,0,0
2017-01-29,9,1,29,3,0,0.64,27.79,23.5,10.29,1,0,0,0,0,0,0
2017-01-30,13,1,30,3,0,0.6,35.96,17.29,7.79,0,0,0,0,0,0,1
2017-01-31,25,1,31,3,0,0.75,40.09,36.52,14.05,0,0,1,0,0,0,0
2017-02-01,21,2,1,3,0,0.66,37.17,25.08,11.49,0,0,1,0,0,0,0
2017-02-02,19,2,2,3,0,0.54,23.3,15.39,12.45,1,0,0,0,0,0,0
2017-02-03,12,2,3,3,0,0.49,27.88,15.49,10.62,0,0,0,1,0,0,0
2017-02-04,12,2,4,3,0,0.49,33.7,16.9,12.75,0,0,0,1,0,0,0
2017-02-05,41,2,5,3,0,0.62,37.47,29.6,6.02,1,0,0,0,0,0,0
2017-02-06,40,2,6,3,0,0.82,50.9,28.14,7.72,0,1,0,0,0,0,0
2017-02-07,16,2,7,3,0,0.95,50.59,33.84,4.9,0,0,0,0,1,0,0
2017-02-08,22,2,8,3,0,0.72,33.38,20.69,12.17,0,0,0,1,0,0,0
2017-02-09,11,2,9,3,0,0.52,24.33,14.23,11.81,1,0,0,0,0,0,0
2017-02-10,15,2,10,3,0,0.65,42.66,18.14,14.18,0,0,0,0,0,0,1
2017-02-11,95,2,11,3,0,0.79,44.9,37.15,3.95,0,0,0,1,0,0,0
2017-02-12,94,2,12,3,1,0.62,46.2,34.29,13.96,0,0,0,0,0,0,1
2017-02-13,38,2,13,3,1,0.58,43.88,29.26,9.45,1,0,0,0,0,0,0
2017-02-14,67,2,14,3,0,0.59,49.26,34.99,12.15,0,0,0,0,0,0,1
2017-02-15,15,2,15,3,0,0.51,34.84,28.31,12.09,1,0,0,0,0,0,0
2017-02-16,14,2,16,3,0,0.51,37.79,30.31,5.1,1,0,0,0,0,0,0
2017-02-17,193,2,17,3,0,0.57,64.84,33.32,8.23,1,0,0,0,0,0,0
2017-02-18,599,2,18,3,0,0.54,61.54,46.27,5.63,1,0,0,0,0,0,0
2017-02-19,602,2,19,3,0,0.61,55.15,42.1,1.3,1,0,0,0,0,0,0
2017-02-20,243,2,20,3,1,0.69,58.59,42.1,10.16,0,0,0,1,0,0,0
2017-02-21,86,2,21,3,0,0.82,62.2,50.31,6.72,0,0,0,1,0,0,0
2017-02-22,212,2,22,3,0,0.86,65.31,52.57,12.35,0,1,0,0,0,0,0
2017-02-23,26,2,23,3,0,0.86,58.43,37.34,7.46,0,0,0,0,1,0,0
2017-02-24,22,2,24,3,0,0.94,41.14,34.4,9.01,0,0,0,1,0,0,0
2017-02-25,10,2,25,3,0,0.68,33.73,22.91,13.85,0,0,1,0,0,0,0
2017-02-26,59,2,26,3,0,0.55,47.18,24.81,13.12,0,0,0,0,0,0,1
2017-02-27,48,2,27,3,0,0.67,46.48,33.78,6.29,0,0,1,0,0,0,0
2017-02-28,38,2,28,3,0,0.9,57.31,43.1,12.29,0,0,0,0,1,0,0
2017-03-01,15,3,1,3,0,0.88,52.49,32.55,11.84,0,1,0,0,0,0,0
2017-03-02,12,3,2,3,0,0.62,32.13,28.2,10.08,0,0,1,0,0,0,0
2017-03-03,33,3,3,3,0,0.44,30.6,21.74,4.78,0,0,0,1,0,0,0
2017-03-04,37,3,4,3,0,0.74,37.67,28.31,16.11,0,0,0,0,0,0,1
2017-03-05,134,3,5,3,0,0.65,58.0,33.15,15.42,0,0,0,0,0,0,1
2017-03-06,76,3,6,3,1,0.81,63.09,51.32,21.1,0,0,0,0,1,0,0
2017-03-07,89,3,7,3,0,0.56,63.13,44.62,16.16,0,0,0,0,0,0,1
2017-03-08,61,3,8,3,0,0.35,51.09,41.77,19.01,0,0,0,0,0,0,1
2017-03-09,39,3,9,3,0,0.58,40.58,34.29,8.55,0,0,1,0,0,0,0
2017-03-10,23,3,10,3,0,0.36,35.98,23.6,14.78,1,0,0,0,0,0,0
2017-03-11,26,3,11,3,0,0.36,25.65,18.53,8.9,0,0,1,0,0,0,0
2017-03-12,48,3,12,3,0,0.44,31.26,22.26,3.33,1,0,0,0,0,0,0
2017-03-13,4,3,13,3,0,0.84,29.25,26.67,12.52,0,0,0,0,0,1,0
2017-03-14,2,3,14,3,0,0.69,27.57,21.45,13.06,0,0,0,0,0,0,1
2017-03-15,6,3,15,3,0,0.52,31.61,18.51,11.74,1,0,0,0,0,0,0
2017-03-16,30,3,16,3,0,0.53,39.63,22.21,5.01,1,0,0,0,0,0,0
2017-03-17,18,3,17,3,0,0.82,45.71,34.8,6.54,0,1,0,0,0,0,0
2017-03-18,80,3,18,3,0,0.7,43.18,38.03,11.12,0,0,0,1,0,0,0
2017-03-19,119,3,19,3,0,0.73,46.79,33.91,2.89,0,0,1,0,0,0,0
2017-03-20,60,3,20,3,0,0.81,48.12,39.88,1.61,0,0,0,0,1,0,0
2017-03-21,63,3,21,0,0,0.66,47.76,33.03,11.71,0,0,0,0,0,0,1
2017-03-22,19,3,22,0,0,0.62,32.29,28.32,14.0,0,0,0,0,0,0,1
2017-03-23,36,3,23,0,0,0.56,48.25,31.5,12.6,0,0,0,1,0,0,0
2017-03-24,360,3,24,0,0,0.62,78.54,41.23,7.1,0,0,0,0,1,0,0
2017-03-25,20,3,25,0,0,0.96,46.59,39.8,11.94,0,0,0,0,1,0,0
2017-03-26,82,3,26,0,0,0.92,59.27,45.54,3.95,0,0,0,0,1,0,0
2017-03-27,39,3,27,0,0,0.95,50.95,39.74,4.22,1,0,0,0,0,0,0
2017-03-28,49,3,28,0,0,0.89,43.61,37.14,11.86,0,1,0,0,0,0,0
2017-03-29,30,3,29,0,0,0.86,43.98,34.35,11.15,0,0,0,0,1,0,0
2017-03-30,12,3,30,0,0,0.96,42.58,39.3,13.32,0,0,0,0,1,0,0
2017-03-31,29,3,31,0,0,0.91,39.45,37.07,18.68,0,0,0,0,0,0,1
2017-04-01,347,4,1,0,0,0.6,47.13,36.43,3.09,1,0,0,0,0,0,0
2017-04-02,158,4,2,0,0,0.55,51.69,43.2,4.78,0,0,1,0,0,0,0
2017-04-03,23,4,3,0,0,0.85,47.08,44.81,4.48,0,0,0,0,1,0,0
2017-04-04,63,4,4,0,0,0.85,48.71,43.74,5.23,0,0,1,0,0,0,0
2017-04-05,8,4,5,0,0,0.92,43.77,39.38,17.76,0,0,0,0,1,0,0
2017-04-06,15,4,6,0,0,0.75,43.73,37.97,24.39,0,0,0,0,0,0,1
2017-04-07,93,4,7,0,0,0.48,47.16,37.99,11.17,0,0,0,0,0,0,1
2017-04-08,510,4,8,0,0,0.45,64.54,40.69,12.88,0,0,0,0,0,0,1
2017-04-09,690,4,9,0,0,0.52,73.77,57.24,19.79,0,0,0,0,0,0,1
2017-04-10,87,4,10,0,0,0.72,72.62,40.62,11.08,0,0,0,0,1,0,0
2017-04-11,128,4,11,0,0,0.79,52.41,40.0,6.36,1,0,0,0,0,0,0
2017-04-12,138,4,12,0,0,0.69,48.29,41.42,4.4,1,0,0,0,0,0,0
2017-04-13,70,4,13,0,0,0.73,52.97,43.41,7.72,0,0,0,0,1,0,0
2017-04-14,237,4,14,0,0,0.74,62.51,44.63,5.35,0,0,0,0,1,0,0
2017-04-15,1059,4,15,0,0,0.6,79.67,56.63,16.49,0,0,0,0,1,0,0
2017-04-16,620,4,16,0,0,0.65,71.4,59.54,9.5,0,0,0,0,1,0,0
2017-04-17,235,4,17,0,0,0.62,60.46,43.38,5.52,1,0,0,0,0,0,0
2017-04-18,234,4,18,0,0,0.6,74.51,43.23,7.72,0,0,1,0,0,0,0
2017-04-19,58,4,19,0,0,0.8,69.69,43.87,2.59,0,0,1,0,0,0,0
2017-04-20,222,4,20,0,0,0.74,71.7,45.67,8.48,0,0,0,0,0,0,1
2017-04-21,110,4,21,0,0,0.63,51.53,44.63,10.55,1,0,0,0,0,0,0
2017-04-22,334,4,22,0,0,0.59,51.22,43.45,11.75,1,0,0,0,0,0,0
2017-04-23,480,4,23,0,0,0.51,61.34,42.47,1.96,1,0,0,0,0,0,0
2017-04-24,276,4,24,0,0,0.63,60.59,41.76,4.93,1,0,0,0,0,0,0
2017-04-25,289,4,25,0,0,0.58,68.27,53.98,10.04,1,0,0,0,0,0,0
2017-04-26,174,4,26,0,0,0.67,74.2,59.89,10.28,0,0,0,0,1,0,0
2017-04-27,49,4,27,0,0,0.82,59.7,44.84,12.18,0,0,0,0,0,0,1
2017-04-28,108,4,28,0,0,0.79,51.95,43.36,2.46,0,0,0,0,0,0,1
2017-04-29,15,4,29,0,0,0.87,45.95,40.2,22.34,0,0,0,0,1,0,0
2017-04-30,3,4,30,0,0,0.98,47.82,43.1,13.85,0,0,0,0,1,0,0
2017-05-01,39,5,1,0,0,0.82,55.4,46.24,12.05,0,0,0,0,0,0,1
2017-05-02,71,5,2,0,0,0.74,49.24,41.54,14.13,0,0,0,0,0,0,1
2017-05-03,97,5,3,0,0,0.66,50.42,40.94,3.33,1,0,0,0,0,0,0
2017-05-04,63,5,4,0,0,0.75,48.26,45.55,11.59,0,0,0,0,0,0,1
2017-05-05,80,5,5,0,0,0.76,50.81,41.96,18.67,0,0,0,0,1,0,0
2017-05-06,202,5,6,0,0,0.64,50.59,44.21,13.32,0,0,0,0,0,0,1
2017-05-07,256,5,7,0,0,0.53,48.21,41.95,8.35,1,0,0,0,0,0,0
2017-05-08,140,5,8,0,0,0.58,47.41,39.32,7.84,0,0,0,1,0,0,0
2017-05-09,67,5,9,0,0,0.7,52.49,42.54,5.87,0,0,0,0,1,0,0
2017-05-10,71,5,10,0,0,0.74,57.39,47.92,7.02,0,0,0,0,1,0,0
2017-05-11,167,5,11,0,0,0.81,56.77,47.25,8.68,0,0,1,0,0,0,0
2017-05-12,358,5,12,0,0,0.7,58.0,47.86,6.29,1,0,0,0,0,0,0
2017-05-13,741,5,13,0,0,0.59,77.47,50.89,5.28,0,0,1,0,0,0,0
2017-05-14,519,5,14,0,0,0.67,57.12,49.76,8.74,1,0,0,0,0,0,0
2017-05-15,366,5,15,0,0,0.61,70.48,48.88,4.44,1,0,0,0,0,0,0
2017-05-16,411,5,16,0,0,0.59,86.16,64.02,13.25,0,0,0,0,0,0,1
2017-05-17,249,5,17,0,0,0.57,82.54,70.43,20.1,0,0,0,0,1,0,0
2017-05-18,315,5,18,0,0,0.66,77.06,49.61,9.43,0,0,0,0,0,0,1
2017-05-19,14,5,19,0,0,0.87,49.25,42.85,19.24,0,0,0,0,1,0,0
2017-05-20,151,5,20,0,0,0.89,60.11,49.02,10.87,0,0,0,0,1,0,0
2017-05-21,401,5,21,0,0,0.75,63.47,51.94,10.55,0,0,1,0,0,0,0
2017-05-22,390,5,22,0,0,0.61,72.26,49.69,11.98,0,0,0,0,0,0,1
2017-05-23,46,5,23,0,0,0.86,60.93,54.99,4.5,0,0,0,0,1,0,0
2017-05-24,58,5,24,0,0,0.92,55.44,50.45,13.93,0,0,0,0,1,0,0
2017-05-25,212,5,25,0,0,0.85,60.28,52.02,12.84,0,0,0,0,0,0,1
2017-05-26,187,5,26,0,0,0.86,61.23,54.53,3.66,0,0,0,0,1,0,0
2017-05-27,1026,5,27,0,0,0.82,63.59,52.92,4.84,0,0,1,0,0,0,0
2017-05-28,841,5,28,0,0,0.76,70.04,56.28,1.36,0,0,1,0,0,0,0
2017-05-29,903,5,29,0,1,0.5,75.14,59.86,10.23,0,0,0,0,0,0,1
2017-05-30,306,5,30,0,0,0.54,71.56,57.8,8.66,0,0,1,0,0,0,0
2017-05-31,391,5,31,0,0,0.52,70.97,56.12,8.05,1,0,0,0,0,0,0
2017-06-01,371,6,1,0,0,0.53,67.19,55.99,0.82,1,0,0,0,0,0,0
2017-06-02,530,6,2,0,0,0.43,74.91,59.41,4.6,1,0,0,0,0,0,0
2017-06-03,938,6,3,0,0,0.51,79.03,65.01,3.86,1,0,0,0,0,0,0
2017-06-04,712,6,4,0,0,0.55,88.66,68.42,4.89,0,0,1,0,0,0,0
2017-06-05,257,6,5,0,0,0.73,68.27,58.62,11.57,0,0,0,0,0,0,1
2017-06-06,323,6,6,0,0,0.62,65.44,54.5,13.34,0,0,0,0,0,0,1
2017-06-07,321,6,7,0,0,0.62,67.44,56.95,8.22,1,0,0,0,0,0,0
2017-06-08,533,6,8,0,0,0.53,73.57,56.34,2.53,0,0,0,1,0,0,0
2017-06-09,616,6,9,0,0,0.57,79.84,63.33,3.92,0,0,1,0,0,0,0
2017-06-10,1040,6,10,0,0,0.48,88.62,62.64,15.87,0,0,0,0,0,0,1
2017-06-11,833,6,11,0,0,0.47,90.28,71.79,15.82,0,0,0,0,0,0,1
2017-06-12,373,6,12,0,0,0.5,92.56,72.74,12.32,0,0,0,0,0,0,1
2017-06-13,399,6,13,0,0,0.74,75.44,67.86,2.85,1,0,0,0,0,0,0
2017-06-14,203,6,14,0,0,0.76,84.64,68.55,6.5,0,0,0,0,1,0,0
2017-06-15,494,6,15,0,0,0.69,83.15,69.28,6.26,0,0,0,0,1,0,0
2017-06-16,459,6,16,0,0,0.64,83.89,68.05,8.87,0,0,1,0,0,0,0
2017-06-17,691,6,17,0,0,0.75,83.51,68.99,7.21,0,0,0,0,1,0,0
2017-06-18,774,6,18,0,0,0.67,76.53,70.8,12.2,0,0,0,0,0,0,1
2017-06-19,338,6,19,0,0,0.65,75.38,63.84,8.08,0,0,1,0,0,0,0
2017-06-20,368,6,20,0,0,0.71,76.52,59.54,1.86,1,0,0,0,0,0,0
2017-06-21,441,6,21,1,0,0.74,72.05,58.48,4.09,0,0,1,0,0,0,0
2017-06-22,446,6,22,1,0,0.69,85.84,69.59,14.61,0,0,0,0,0,0,1
2017-06-23,506,6,23,1,0,0.69,78.05,66.08,5.97,0,0,0,0,1,0,0
2017-06-24,1091,6,24,1,0,0.56,72.74,62.78,12.22,0,0,0,0,0,0,1
2017-06-25,820,6,25,1,0,0.56,70.17,56.35,12.64,0,0,0,0,0,0,1
2017-06-26,429,6,26,1,0,0.56,71.74,56.32,10.46,0,0,0,0,0,0,1
2017-06-27,516,6,27,1,0,0.56,70.74,54.41,2.23,0,0,1,0,0,0,0
2017-06-28,171,6,28,1,0,0.62,78.7,62.01,14.99,0,0,0,0,1,0,0
2017-06-29,277,6,29,1,0,0.74,80.21,67.76,9.77,0,0,0,0,1,0,0
2017-06-30,408,6,30,1,0,0.85,75.3,65.97,3.21,0,0,1,0,0,0,0
